root	gloss_head	matched_covered_word	gloss_zipf	inv_tier	prod	gloss
fik	fuck	screw	5.39	extended	2	to fuck, screw
laŭliter	literally	letter	4.91	tail	1	literally, to the letter
bojminac	bay	bark	4.73	tail	1	to bay at, bark at
tirboj	bay	howl	4.73	tail	1	to bay, howl
konservospac	storage	space	4.57	tail	1	storage, storage space
ministroprezidant	premier	prime	4.56	tail	1	premier, prime minister
pomalgrand	retail	small	4.55	extended	2	at retail, in small quantities
elstar	outstanding	pronounced	4.5	core	4	outstanding, pronounced
grandaĝ	aged	elderly	4.5	extended	2	aged, elderly, grown-up, old, of great age
unversal	universal	world	4.49	tail	1	universal, world
relvoj	railway	railroad	4.46	tail	1	railway, railroad
konkret	concrete	abstract	4.44	core	5	concrete, not abstract, perceptible, real, positive
kuratak	assault	storm	4.44	tail	1	to assault, storm
ale	avenue	passage	4.43	extended	2	avenue, passage, way, (garden) walk, path, alley, boulevard
komik	comic	funny	4.42	core	3	comic, comical, funny, facetious, humorous, laughable, ludicrous, witty
kontor	bureau	office	4.41	extended	2	bureau, office (business)
rizvin	sake	rice	4.4	tail	1	sake, rice wine
laŭdir	alleged	so-called	4.37	tail	1	alleged, so-called
laŭrdir	alleged	according	4.37	tail	1	alleged, according to what people say
aren	arena	ring	4.33	tail	1	arena, (boxing) ring
komunehom	humanity	common	4.32	tail	1	of humanity, of mankind, common
armiltenej	arsenal	weapons	4.31	tail	1	arsenal, weapons storage
intelekt	intellectual	knowledge-based	4.3	core	5	intellectual, knowledge-based
montopint	summit	peak	4.3	tail	1	summit, mountaintop, peak
defaŭlt	default	standard	4.29	tail	1	default, standard
labormaltaŭg	disabled	work	4.29	tail	1	disabled, unfit for work
labornekapabl	disabled	work	4.29	tail	1	disabled, unfit for work
vehikl	carrier	vehicle	4.29	tail	1	carrier, vector, vehicle
basagitar	bass	guitar	4.28	tail	1	bass, bass guitar
perk	bass	perch	4.28	tail	1	bass, perch (fish)
frekvent	frequent	visit	4.27	core	3	to frequent, visit regularly, habitually visit
sinreg	composed	restrained	4.27	extended	2	composed, restrained, self-possessed
depon	deposit	bank	4.24	core	4	to deposit, dump, bank, file, lodge, store
enurb	municipal	urban	4.24	tail	1	municipal, urban
uzanc	usage	custom	4.23	tail	1	usage, custom
forviŝ	delete	wipe	4.22	tail	1	to delete, wipe away, erase
legitim	legitimate	legal	4.22	core	3	legitimate, legal
restaŭrkopi	backup	back-up	4.21	tail	1	backup, back-up copy, recovery file
bronzkolor	bronze	brown	4.2	tail	1	bronze, brown
sort	destiny	fate	4.19	tail	1	destiny, fate, fortune, luck, lot
intersekv	consecutive	successive	4.18	tail	1	consecutive, successive
konsult	advisory	consultative	4.18	core	4	advisory, consultative
metropoliten	metro	subway	4.18	tail	1	metro, subway
aŭtokton	indigenous	native	4.16	tail	1	indigenous, native, autochthonous
enirpag	admission	fee	4.15	tail	1	admission, admission fee
emfazosign	accent	mark	4.14	tail	1	accent, accent mark
parolmanier	accent	way	4.14	tail	1	accent, way of speaking, manner of speaking, speech
ambasad	embassy	mission	4.13	extended	2	embassy, diplomatic mission
ĵetdisk	disc	disk	4.13	tail	1	disc, discus, disk, Frisbee
histrion	ham	bad	4.12	tail	1	ham, bad actor, third-rate actor
limdat	deadline	date	4.12	tail	1	deadline, due date, expiration date
limtemp	deadline	time	4.12	extended	2	deadline, time limit
rapmuzik	rap	music	4.12	tail	1	rap, rap music
standard	banner	flag	4.12	core	3	banner, flag, standard
templim	deadline	term	4.12	extended	2	deadline, expiration (of time), term, time limit
brutal	brutal	violent	4.1	core	3	brutal, violent
interlig	ally	connect	4.1	tail	1	to ally, connect, join
lojal	faithful	loyal	4.1	core	4	faithful, loyal
luad	rental	renting	4.1	tail	1	rental, renting
prognoz	forecast	predict	4.09	extended	2	to forecast, predict
bred	breed	farm	4.08	core	3	to breed, farm, keep, raise, rear
insurekci	rebel	create	4.08	core	3	to rebel, create an insurrection
insurekt	rebel	create	4.08	tail	1	to rebel, create an insurrection
kors	broadway	mall	4.08	core	4	broadway, mall
alberg	inn	hotel	4.07	tail	1	inn, hotel
etanim	petty	small-minded	4.07	extended	2	petty, small-minded
etspirit	petty	small-minded	4.07	tail	1	petty, small-minded
kandidatlist	nomination	recommendation	4.07	tail	1	nomination, recommendation
multemov	animated	busy	4.07	tail	1	animated, busy, full of traffic
sakr	curse	swear	4.07	extended	2	to curse, cuss, swear
ellabor	elaborate	finish	4.06	core	4	to elaborate, finish, work out (in detail), treat at length, develop
prilabor	elaborate	process	4.06	core	3	to elaborate, process
signaldir	password	signal	4.06	tail	1	password, signal, watchword
plifirmig	strengthen	reinforce	4.04	tail	1	to strengthen, reinforce, tighten
sodakv	soda	water	4.04	tail	1	soda, soda water
aksisoid	axis	deer	4.02	tail	1	axis, axis deer
mezlini	axis	deer	4.02	tail	1	axis, axis deer
ŝpur	gauge	wheel-span	4.02	tail	1	gauge, wheel-span, distance between rails
intertemp	interim	temporary	4.0	tail	1	interim, temporary
plorplend	drone	whine	4.0	tail	1	to drone, whine
alig	affiliate	join	3.99	tail	1	to affiliate, join
anig	affiliate	include	3.99	tail	1	to affiliate, include, make part of a group
katedr	cathedral	chair	3.99	tail	1	cathedral, professorial chair or platform, pulpit, lecturer’s desk, professorship
arĥiv	archive	files	3.98	core	3	archive, archives, files, records
persvad	compelling	convincing	3.98	tail	1	compelling, convincing, persuasive
ambr	amber	grey	3.97	tail	1	amber, ambergris, grey amber
interkontraŭ	clash	mutually	3.97	tail	1	to clash, mutually interfere
mandat	mandate	order	3.97	extended	2	mandate, order (postal, money)
banurb	spa	town	3.96	tail	1	spa, town known for its mineral baths, springs
dam	dame	queen	3.96	core	3	dame, queen, king, lady
kuraclok	spa	health	3.96	tail	1	spa, health resort
duop	binary	double	3.95	tail	1	binary, double, dual, duplex
hejmoland	homeland	mother	3.95	tail	1	homeland, mother country, native land
motorfiakr	cab	taxi	3.95	tail	1	cab, taxi
alteprez	costly	expensive	3.93	tail	1	costly, expensive
altvalor	costly	valuable	3.93	extended	2	costly, valuable, precious, expensive, of great value
grandvalor	costly	valuable	3.93	tail	1	costly, valuable
reglament	regiment	regulate	3.93	tail	1	to regiment, regulate
korinklin	affection	fondness	3.92	tail	1	affection, fondness
alglu	paste	post	3.91	tail	1	to paste, paste up, placard, post, post up
aliland	exotic	foreign	3.91	core	3	exotic, foreign
naskurb	hometown	city	3.91	tail	1	hometown, city in which one was born
estim	esteem	think	3.9	core	12	to esteem, think well of, have esteem for, respect, regard
fust	shaft	stock	3.9	tail	1	shaft, stock
horizontal	horizontal	level	3.9	tail	1	horizontal, level
ostaĝ	hostage	held	3.9	extended	2	to be a hostage, be held hostage
prirespond	accountable	responsible	3.9	extended	2	accountable, responsible
retfoliumil	browser	web	3.89	tail	1	browser, web browser
vivhistori	biography	life	3.89	tail	1	biography, life history
bataltaĉment	militia	armed	3.88	tail	1	militia, armed group, gang of henchmen, thugs
bombflugil	bomber	plane	3.88	tail	1	bomber, bomber plane
interven	interfere	intervene	3.88	tail	1	to interfere, intervene
kaplini	header	headline	3.88	tail	1	header, headline
klaĉ	gossip	small	3.88	core	5	to gossip, prate, make small talk, prattle
partigvardi	militia	armed	3.88	tail	1	militia, armed group, gang of henchmen, thugs
ellacig	fatigue	tire	3.86	tail	1	to fatigue, jade, overdrive, override, tire out
gvidlibr	handbook	guide	3.86	tail	1	handbook, guide, guidebook
benzin	gasoline	gas	3.85	core	3	gasoline, gas
seksinvit	proposition	invitation	3.85	tail	1	proposition, invitation to have sex
hazard	accidental	chance	3.82	core	4	accidental, adventitious, chance, random, rash, hazardous
trum	pier	wall	3.82	tail	1	pier, pier-glass, wall between openings
dispon	absorb	disposal	3.81	core	7	to absorb, have at one’s disposal, dispose (of), have available
postrest	detained	kept	3.81	core	5	to be detained, be kept in, stay on, remain
alfront	confront	face	3.8	core	3	to confront, face
infanĝarden	kindergarten	school	3.79	tail	1	kindergarten, nursery school
provtemp	probation	trial	3.79	tail	1	probation, trial period
bankposedant	banker	bank	3.78	tail	1	banker, bank manager
bufr	buffer	bump	3.78	extended	2	to buffer, bump into
enland	aboriginal	domestic	3.78	core	3	aboriginal, domestic, indigenous, native
enpik	stab	sting	3.78	tail	1	to stab, sting, puncture
origin	aboriginal	original	3.78	tail	1	aboriginal, original
laŭvort	literal	word-for-word	3.77	tail	1	literal, word-for-word
sufiĉeg	abundant	plenty	3.77	tail	1	abundant, redundant, profuse, plenty, ample
eksped	dispatch	send	3.76	core	4	to dispatch, send off, ship, expedite, forward, dispatch
kamecipar	cedar	false	3.76	tail	1	cedar, false cypress
stanfoli	foil	silver	3.76	tail	1	foil, silver paper, tinfoil
bind	bind	link	3.75	core	7	to bind, link (a program)
buĉ	butcher	kill	3.75	core	5	to butcher, slaughter, kill (animals)
ekranprintaĵ	screenshot	screen	3.75	tail	1	screenshot, screen dump
faskig	bind	bunch	3.75	core	3	to bind, bunch
rajp	bind	seize	3.75	tail	1	to bind, seize (up)
insolent	arrogant	proud	3.74	tail	1	arrogant, haughty, proud, insolent, overbearing, supercilious
orgojl	arrogant	proud	3.74	tail	1	arrogant, proud, vain
pugnoluktist	boxer	fighter	3.74	tail	1	boxer, fighter
roj	brook	stream	3.74	extended	2	brook, stream
analog	analog	analogous	3.73	core	3	analog, analogous
kapsik	chili	pepper	3.73	extended	2	chili, pepper
postiĝint	retarded	backward	3.73	tail	1	retarded, backward
duflank	bilateral	two-sided	3.72	tail	1	bilateral, two-sided, double-sided
maket	miniature	scale	3.72	tail	1	miniature, scale model
nesan	unhealthy	healthy	3.72	tail	1	unhealthy, not healthy
staj	brace	guy	3.72	tail	1	brace, cramp-iron, guy, stay
steg	brace	support	3.72	tail	1	brace, prop, support
ĉiopov	almighty	all-powerful	3.72	extended	2	almighty, all-powerful, omnipotent
idar	descendants	issue	3.71	tail	1	descendants, issue, offspring, posterity, progeny, young
pohor	hourly	hour	3.71	tail	1	hourly, by the hour, in hourly increments
propramov	spontaneous	voluntary	3.71	tail	1	spontaneous, voluntary
delegit	delegate	local	3.7	core	4	delegate, local representative
deputit	delegate	representative	3.7	extended	2	delegate, deputy, representative
disertaci	dissertation	thesis	3.7	tail	1	dissertation, thesis
enoficig	appoint	commission	3.7	tail	1	to appoint, inaugurate, commission
insult	insulting	offensive	3.7	core	8	insulting, offensive, opprobrious
kapsul	capsule	firing	3.7	tail	1	capsule, firing cap
korflor	trousers	flower	3.7	tail	1	man’s trousers, lyre flower, old-fashioned bleeding heart
krust	crust	hard	3.7	extended	2	crust, deposit, hard outer covering, rind, scab, casing, scale
kvarc	quartz	rock-crystal	3.7	tail	1	quartz, rock-crystal
orakol	oracle	revelation	3.7	tail	1	oracle, revelation
terpomflok	crisp	potato	3.7	tail	1	crisp, potato chip
ĉips	crisp	potato	3.7	tail	1	crisp, potato chip
eventual	contingent	eventual	3.69	core	3	contingent, eventual
elaĉetsum	ransom	money	3.68	tail	1	ransom, redemption money
estafet	courier	racer	3.68	tail	1	courier, dispatch-rider, relay, relay racer, relay rider, runner
pikstang	pike	spear	3.68	tail	1	pike, spear
pimp	chic	smart	3.68	tail	1	chic, smart
social	communal	social	3.68	core	4	communal, social
stafet	courier	rider	3.68	tail	1	courier, dispatch rider, relay racer, relay rider, messenger
biergist	yeast	beer	3.67	tail	1	brewer’s yeast, beer yeast
bunkr	bunker	shelter	3.67	tail	1	bunker, shelter
desapont	disappoint	set	3.67	tail	1	to disappoint, disabuse, set straight
forvojaĝ	depart	leave	3.67	tail	1	to depart, leave, set out
kazern	barracks	quarters	3.67	tail	1	barracks, soldiers’ quarters
partitur	partition	score	3.67	tail	1	partition, score (musical)
vand	partition	wall	3.67	tail	1	partition, wall
lepor	hare	rabbit	3.66	tail	1	hare, rabbit
plifruig	accelerate	advance	3.66	tail	1	to accelerate, advance
plirapid	accelerate	speed	3.66	tail	1	to accelerate, speed up
plirapidig	accelerate	advance	3.66	extended	2	to accelerate, advance
portemp	provisional	temporary	3.66	tail	1	provisional, temporary
poŭp	poop	stern	3.66	tail	1	poop, poop deck, stern
sangalflu	congestion	rush	3.66	tail	1	congestion, rush
rubus	blackberry	bush	3.65	extended	2	blackberry, blackberry bush, bramble
savmon	salvage	money	3.65	tail	1	salvage, salvage money
akcesor	accessory	secondary	3.63	extended	2	accessory, secondary
neĉef	accessory	minor	3.63	tail	1	accessory, auxiliary, minor
podi	podium	platform	3.63	tail	1	podium, platform, stage; live
teksbaz	warp	theme	3.63	tail	1	warp, groundwork, theme, structure
telekopi	fax	wire	3.63	extended	2	by fax, by wire
tribun	podium	platform	3.63	tail	1	podium, rostrum, speaker’s platform, pulpit, tribune
ĝir	endorse	transfer	3.63	core	5	to endorse, transfer
ĝisrandig	align	justify	3.63	tail	1	to align, justify
forn	furnace	oven	3.62	core	3	furnace, kiln, oven, stove
kapacit	bandwidth	capacity	3.62	tail	1	bandwidth, capacity
neinteligent	dim	unintelligent	3.62	tail	1	dim, obtuse, unintelligent
poŝlibr	paperback	pocket	3.62	tail	1	paperback, pocket book
saŭdad	nostalgia	yearning	3.62	tail	1	nostalgia, pensiveness, yearning
altebenaĵ	plateau	high	3.61	tail	1	plateau, a high place, a place at a high elevation
altranĉ	tailor	cut	3.61	tail	1	to tailor, cut to form
krank	crank	handle	3.61	tail	1	crank, starter handle
keletaĝ	cellar	basement	3.6	tail	1	cellar, basement
kondom	condom	rubber	3.6	tail	1	condom, rubber
skand	chant	scan	3.6	tail	1	to chant, scan
banked	banquet	feast	3.59	extended	2	to banquet, feast
devanc	overhaul	pass	3.59	tail	1	to overhaul, overtake, pass
duplikat	duplicate	copy	3.59	tail	1	to duplicate, copy
elradik	outgoing	output	3.59	core	3	outgoing, output
pretervetur	overhaul	pass	3.59	tail	1	to overhaul, overtake, pass
svelt	slender	slim	3.59	tail	1	slender, slim
vartistin	nanny	nurse	3.59	tail	1	nanny, nurse, nursemaid
apudmar	seaside	sea	3.58	tail	1	seaside, beside the sea
emblem	emblem	suit	3.58	tail	1	emblem, suit (of cards), logo
mozaik	mosaic	work	3.58	tail	1	mosaic, mosaic work
nedec	improper	inappropriate	3.58	core	5	improper, inappropriate, indecent
preterprez	priceless	value	3.58	tail	1	priceless, beyond (any) value
difektohav	defective	faulty	3.57	tail	1	defective, faulty, deficient
difinitiv	affirmative	decided	3.57	tail	1	affirmative, decided, decisive, definite, definitive, final, firm, positive
kartoĉ	cartridge	shell	3.57	core	3	cartridge, shell, shot shell, shotgun shell
mankohav	defective	faulty	3.57	tail	1	defective, faulty, deficient
odekolon	cologne	toilet	3.57	tail	1	cologne, eau de cologne, toilet water
bulk	bun	roll	3.56	core	3	bun, roll
dres	tame	train	3.56	core	3	to tame, train (an animal)
rumor	din	racket	3.56	tail	1	din, racket, hubbub
baptofest	baptism	party	3.55	tail	1	baptism, baptism party
eldir	articulate	state	3.54	core	3	to articulate, put, state, utter, voice, enunciate
elparol	articulate	pronounce	3.54	extended	2	to articulate, pronounce, enunciate, speak clearly
fortempiĝ	expire	run	3.54	tail	1	to expire, run out, terminate
laks	lax	loose	3.54	core	5	lax, loose
plenpov	empowerment	legal	3.54	tail	1	empowerment, legal authority
supremenciit	aforementioned	above-mentioned	3.54	tail	1	aforementioned, above-mentioned
interbatig	brawl	fight	3.53	tail	1	brawl, fight
kvot	quota	share	3.53	tail	1	quota, share
batalhalt	truce	cease-fire	3.52	tail	1	truce, cease-fire
ekzantem	eruption	rash	3.52	tail	1	eruption, exanthema, rash
piedsign	footprint	track	3.52	tail	1	footprint, track, trail
surir	tread	walk	3.52	core	3	to tread, walk, walk upon
akraflank	angular	sharp-edged	3.51	tail	1	angular, sharp-edged
aŭl	auditorium	hall	3.51	tail	1	auditorium, hall
diliĝenc	diligence	stage-coach	3.51	tail	1	diligence, stage-coach
eksterleĝul	outlaw	criminal	3.51	tail	1	outlaw, criminal
noktpapili	moth	night	3.5	tail	1	moth, night moth
pivot	pivot	turn	3.5	tail	1	to pivot, revolve, turn, rotate
samsignif	synonymous	having	3.5	tail	1	synonymous, having the same meaning
ensalut	login	log-in	3.49	extended	2	login, log-in, logon, log-on, sign on, sign-on
kejl	peg	pin	3.49	tail	1	to peg, pin
komprenkapabl	intellect	intelligence	3.49	tail	1	intellect, intelligence, understanding
laŭb	arbor	booth	3.49	extended	2	arbor, bower, summerhouse, booth, shady retreat
lignanajl	peg	hook	3.49	tail	1	peg, hook
salutnom	login	user	3.49	tail	1	login, login name, user name
stift	peg	pin	3.49	tail	1	peg, pin
vindotuk	diaper	cloth	3.49	tail	1	diaper, swaddling cloth
enradik	implant	root	3.48	tail	1	to implant, inculcate, take root
koncesi	concede	license	3.48	extended	2	to concede, franchise, license
suspend	postpone	suspend	3.48	tail	1	to postpone, suspend (legal)
elturniĝem	elusive	resourceful	3.47	tail	1	elusive, resourceful, slippery, wily
stiroperaci	connector	control	3.47	tail	1	connector, control operator
alianom	alias	known	3.46	tail	1	alias, also known as, otherwise, otherwise called
alinom	alias	called	3.46	core	3	alias, otherwise, otherwise called
alnom	alias	nickname	3.46	tail	1	alias, nickname, surname
findecid	compose	conclude	3.46	tail	1	to compose, conclude, dispatch, settle, make up one’s mind
homfort	manpower	human	3.46	tail	1	manpower, human power
kaŝtan	chestnut	horse	3.46	extended	2	chestnut, edible chestnut, horse chestnut
konciz	concise	brief	3.46	core	5	concise, brief and comprehensive, pithy, terse, succinct
servut	bondage	forced	3.46	core	3	bondage, serfdom, servitude, forced labor, slavery
imperfekt	imperfect	tense	3.45	tail	1	imperfect, imperfect tense
kontrololist	checklist	check	3.45	tail	1	checklist, check list
elŝprucig	inject	splash	3.44	tail	1	to inject, splash, spout, spray, sprinkle, spurt, squirt
melankoli	bleak	depressed	3.43	extended	2	bleak, dismal, dreary, gaunt, melancholy, dejected, depressed, gloomy
militpastr	chaplain	army	3.43	tail	1	chaplain, army chaplain, padre
vetsum	wager	bet	3.43	tail	1	wager, bet
fuort	stronghold	fort	3.42	tail	1	stronghold, fort
gaspedal	accelerator	pedal	3.42	tail	1	accelerator, accelerator pedal
havenimpost	anchorage	harbor	3.42	tail	1	anchorage, harbor dues, port charges, port dues
invers	inverse	reverse	3.42	core	6	inverse, inverted, reverse, reversed
kanzon	ballad	song	3.42	extended	2	ballad, chanson, song
konform	compliant	conforming	3.42	core	7	compliant, conforming, (well-)fitting
lanari	merlin	stone	3.42	tail	1	merlin, stone falcon
vivrimed	livelihood	way	3.42	tail	1	livelihood, way of making a living
glitvoj	rink	slide	3.41	tail	1	rink, slide
latent	dormant	hidden	3.41	tail	1	dormant, hidden, latent
tors	torso	trunk	3.41	tail	1	torso, trunk (of body)
trivial	commonplace	course	3.41	tail	1	commonplace, course, vulgar, paltry, trifling, trivial
vulgar	coarse	common	3.41	core	5	coarse, common, vulgar, underbred, rude, everyday, proletarian
ekstravaganc	extravagant	high-flown	3.4	extended	2	extravagant, high-flown
diverskultur	multicultural	diverse	3.39	tail	1	multicultural, diverse
entjer	integer	integral	3.39	tail	1	integer, integral
heteroseks	heterosexual	straight	3.39	tail	1	heterosexual, straight
klasifik	classify	sort	3.39	extended	2	to classify, sort
maksim	maxim	principle	3.39	tail	1	maxim, principle
sentenc	maxim	wise	3.39	tail	1	maxim, proverb, wise saying
naturspirit	elemental	nature	3.38	tail	1	elemental, nature spirit
neatendit	abrupt	unexpected	3.38	tail	1	abrupt, unexpected
neŭtral	impartial	neutral	3.38	core	4	impartial, neutral
pum	cougar	mountain	3.38	tail	1	cougar, mountain lion, puma
puŝveturil	barrow	hand-barrow	3.38	tail	1	barrow, hand-barrow, wheelbarrow
sankci	authorize	permit	3.38	extended	2	to authorize, permit, sanction
tombomontet	barrow	mound	3.38	tail	1	barrow, burial mound, grave mound, tumulus
adher	adhesive	limit	3.37	core	5	adhesive, (point) of adherence, (point) of closure, limit (point), sticky
alteniĝ	adhesive	sticky	3.37	tail	1	adhesive, sticky
enskribiĝ	enlist	sign	3.37	tail	1	to enlist, sign up
forĵet	discard	throw	3.37	core	3	to discard, throw away
kolos	colossal	huge	3.37	tail	1	colossal, huge
naskiĝdom	birthplace	childhood	3.37	tail	1	birthplace, childhood home
vivodaŭr	lifespan	lifetime	3.37	tail	1	lifespan, lifetime
ĉiovendej	bazaar	department	3.37	tail	1	bazaar, department store
kojot	coyote	wolf	3.36	tail	1	coyote, prairie wolf
kromdiagonal	diagonal	off-diagonal	3.36	tail	1	diagonal, off-diagonal, superdiagonal, subdiagonal, off-diagonal
manlibr	cookbook	guide	3.36	extended	2	cookbook, guide, manual, handbook
mondcivitan	cosmopolitan	world	3.36	extended	2	cosmopolitan, world citizen
suprenstrek	diagonal	slash	3.36	extended	2	diagonal, slash, forward slash
amant	affectionate	loving	3.35	core	4	affectionate, loving
kuf	bonnet	cap	3.35	tail	1	bonnet, cap
postament	pedestal	stand	3.35	tail	1	pedestal, stand
purras	pedigree	pure-bred	3.35	tail	1	pedigree, pure-bred
rent	annuity	income	3.35	core	3	annuity, dividend, income, return, revenue
vekiĝint	aroused	awake	3.35	tail	1	aroused, awake
alligitec	adherence	attachment	3.34	tail	1	adherence, attachment
klink	latch	spring	3.34	tail	1	latch, spring bolt
kuirforn	cooker	stove	3.34	tail	1	cooker, stove
tenden	ligament	string	3.34	tail	1	ligament, sinew, string, tendon
ĉielir	ascension	assumption	3.34	tail	1	ascension, assumption
lament	grieve	mourn	3.33	core	4	to grieve, mourn, lament, wail
pagadmon	dun	payment	3.33	tail	1	to dun, dun for payment
trafikcirkl	roundabout	traffic	3.33	extended	2	roundabout, traffic circle
trafikrond	roundabout	traffic	3.33	extended	2	roundabout, traffic circle
ligenz	binder	binding	3.32	tail	1	binder, binding agent
aler	penthouse	shed	3.31	extended	2	penthouse, shed
antaŭtegment	penthouse	shed	3.31	tail	1	penthouse, shed
ciklogir	chopper	helicopter	3.31	tail	1	chopper, helicopter
kapkusen	bolster	pillow	3.31	tail	1	bolster, pillow
kusinet	bolster	bush	3.31	tail	1	bolster, bush
ŝed	penthouse	shed	3.31	tail	1	penthouse, shed
komposterar	typo	error	3.3	tail	1	typo, typographical error
pliampleksig	broaden	expand	3.3	tail	1	to broaden, expand
posteul	descendant	successor	3.3	core	3	descendant, offspring, successor
skriberar	typo	write	3.3	tail	1	typo, write error
vakskandel	taper	wax	3.3	tail	1	taper, wax candle
antagonist	adversary	opponent	3.29	extended	2	adversary, opponent, antagonist
imit	imitate	fake	3.29	core	8	to imitate, emulate, fake, mimic, counterfeit
kompleksi	complexion	constitution	3.29	tail	1	complexion, constitution
kunnaskit	congenital	native	3.29	tail	1	congenital, inborn, inbred, innate, native
facilromp	brittle	fragile	3.28	extended	2	brittle, fragile
split	splinter	split	3.28	core	4	to splinter, split
klarmens	lucid	clear-thinking	3.27	tail	1	lucid, clear-thinking
svarm	abound	swarm	3.27	extended	2	to abound, swarm
ĉevron	chevron	support	3.27	tail	1	chevron, rafter, support beam
enpensiĝ	meditate	reflect	3.26	tail	1	to meditate, reflect, consider, sink into thought
medit	meditate	think	3.26	core	3	to meditate, think to oneself
nekontestebl	undisputed	undeniable	3.26	tail	1	undisputed, unquestioned, undeniable
nepridubebl	undisputed	undeniable	3.26	tail	1	undisputed, unquestioned, undeniable
testud	tortoise	turtle	3.26	tail	1	tortoise, turtle
trist	dismal	sad	3.26	extended	2	dismal, dreary, sad
dujar	biennial	two-year	3.25	core	3	biennial, two-year, two-year-old
emisi	emit	issue	3.25	tail	1	to emit, issue
enspir	inhale	inspire	3.25	tail	1	to inhale, inspire
interkonekt	interconnected	local	3.25	extended	2	interconnected, LAN, local area network
sond	fathom	sound	3.25	core	5	to fathom, sound, try depth, probe, plumb, sound out
ajut	nozzle	jet	3.24	tail	1	nozzle, jet
dolĉacid	bittersweet	sweet-and-sour	3.24	tail	1	bittersweet, sweet-and-sour
dolĉamar	bittersweet	sweet-and-sour	3.24	tail	1	bittersweet, sweet-and-sour
dommastrumad	housekeeping	home-making	3.24	tail	1	housekeeping, home-making
duz	nozzle	jet	3.24	tail	1	nozzle, jet
surgrimp	ascend	climb	3.24	core	3	to ascend, climb, scale
ferol	dung	giant	3.23	tail	1	devil’s dung, giant fennel, stinking gum
akraton	abrasive	sharp-toned	3.22	extended	2	abrasive, acrid, acrimonious, sharp-toned, shrill, snappy, tart
enmemorig	memorize	store	3.22	tail	1	to memorize, store
ilumin	enlighten	illuminate	3.22	core	4	to enlighten, illuminate
laŭreat	laureate	winner	3.22	tail	1	laureate, winner
bonodor	fragrant	good-smelling	3.21	core	4	fragrant, good-smelling, nutty
debil	feeble	weak	3.21	extended	2	feeble, weak, feebleminded
plug	plow	till	3.21	core	5	to plow, till
trikotvest	cardigan	sweater	3.21	tail	1	cardigan, jersey, sweater
veturilfarist	cartwright	coach	3.21	tail	1	cartwright, coach maker
ĵerz	cardigan	sweater	3.21	tail	1	cardigan, jersey, sweater
ŝarĝaŭt	lorry	truck	3.21	extended	2	lorry, truck
lavpulvor	detergent	soap	3.2	tail	1	detergent, soap powder
naturdot	aptitude	talent	3.2	extended	2	aptitude, disposition, talent, turn
rapidumskatol	gearbox	gear	3.2	tail	1	gearbox, gear case
turment	distressing	painful	3.2	core	7	distressing, painful, unbearable
agitaci	agitation	excitement	3.19	tail	1	agitation, excitement, flutter
epoĥ	epoch	period	3.19	tail	1	epoch, era, period
mondaĝ	epoch	period	3.19	tail	1	epoch, period (geological)
tempaĝ	epoch	period	3.19	tail	1	epoch, period (geological)
terminar	glossary	phrase	3.19	extended	2	glossary, terminology, nomenclature, phrase list
abstinenc	abstinence	total	3.18	extended	2	abstinence, teetotalism, total abstinence
enpaĝ	inline	in-page	3.18	extended	2	inline, in-page
markez	marquee	shed	3.18	tail	1	marquee, penthouse, shed
pundom	penitentiary	prison	3.18	tail	1	penitentiary, prison
ru	ret	steep	3.18	tail	1	to ret, steep
trankvilsangec	composure	presence	3.18	tail	1	composure, equanimity, presence of mind, sang-froid
flankeniĝ	deflect	wander	3.17	tail	1	to deflect, diverge, wander
grimpkreskaĵ	climber	climbing-plant	3.17	tail	1	climber, climbing-plant
grimpoplant	climber	plant	3.17	tail	1	climber, climbing- plant
hub	croft	hide	3.17	tail	1	croft, hide
morn	desolate	gloomy	3.17	extended	2	desolate, dismal, dreary, gaunt, gloomy, mournful
mortkitel	shroud	winding	3.17	tail	1	shroud, winding sheet
nekomprenebl	incomprehensible	inconceivable	3.17	extended	2	incomprehensible, inconceivable, unintelligible
neprudent	cavalier	reckless	3.17	extended	2	cavalier, impetuous, imprudent, reckless, unwise
precioz	pretentious	affected	3.17	tail	1	pretentious, affected
ĵoker	wildcard	pattern-matching	3.17	tail	1	wildcard, pattern-matching
ĵokersign	wildcard	character	3.17	tail	1	wildcard, wildcard character
ĵokervort	wildcard	character	3.17	tail	1	wildcard, wildcard character
ŝal	shawl	wrap	3.17	core	3	shawl, wrap
blat	cockroach	chip	3.16	extended	2	cockroach, chip
plivastig	amplify	extend	3.16	tail	1	to amplify, extend
vojplan	roadmap	route	3.16	tail	1	roadmap, route
artifik	contrived	complex	3.15	core	6	contrived, sophisticated, complex, tricky
naztabak	snuff	sniffing	3.15	tail	1	snuff, sniffing tobacco
skeĉ	skit	sketch	3.15	tail	1	skit, sketch
deturn	avert	lead	3.14	tail	1	to avert, lead astray, turn away, ward off, detour
kantor	cantor	member	3.14	tail	1	cantor, choir member
leĝoscienc	jurisprudence	law	3.14	tail	1	jurisprudence, law, legal science
anar	adherents	following	3.13	tail	1	adherents, disciples, following, party, supporters, company, troop, membership
domicil	abode	place	3.13	tail	1	abode, dwelling place, residence
hosti	wafer	host	3.13	extended	2	wafer, host (Eucharist)
laktoz	lactose	milk	3.13	tail	1	lactose, milk sugar
loĝlok	abode	place	3.13	tail	1	abode, dwelling place, residence
parentez	parentheses	compound	3.13	tail	1	in parentheses, compound (statement)
forced	relinquish	yield	3.12	tail	1	to relinquish, yield
forofer	relinquish	offer	3.12	tail	1	to relinquish, offer up
ŝipruin	shipwreck	wrecked	3.11	tail	1	shipwreck, wrecked ship
aerveturad	aeronautics	air	3.1	tail	1	aeronautics, aviation, air travel
bradip	sloth	three-toed	3.1	tail	1	sloth, three-toed sloth
eltir	elicit	pull	3.1	core	4	to elicit, pull out, reclaim, extract
kontoscienc	accountancy	accounting	3.1	tail	1	accountancy, accounting
okulglob	eyeball	eye	3.1	tail	1	eyeball, eye
tutkor	cordial	whole-hearted	3.1	tail	1	cordial, whole-hearted, openly
aŭtovoj	expressway	highway	3.09	tail	1	expressway, freeway, motorway, interstate, highway
dispensari	dispensary	public	3.09	tail	1	dispensary, public dispensary, welfare center
fregat	frigate	bird	3.09	tail	1	frigate, frigate bird
irmanier	gait	manner	3.09	tail	1	gait, manner of walking
liliput	diminutive	tiny	3.09	tail	1	diminutive, Lilliputian, tiny, dwarf
dummoment	momentary	temporary	3.08	tail	1	momentary, temporary, short-lived, transient
elreliĝ	derail	run	3.08	tail	1	to derail, run off rails
erp	harrow	rake	3.08	core	4	to harrow, rake, till, plow
hejmlabor	housework	homework	3.08	tail	1	housework, homework
amabl	dainty	kind	3.07	tail	1	dainty, kind, nice, pretty
bisturi	lancet	knife	3.07	tail	1	lancet, surgeon’s knife
forpel	banish	send	3.07	core	3	to banish, send away, chase away, drive away, expel, dispel
kaserol	casserole	stew	3.07	tail	1	casserole, saucepan, stew pan
kompres	compress	pads	3.07	tail	1	compress, gauze pads
kunprem	compress	squeeze	3.07	core	5	to compress, squeeze together
leĝfarist	lawmaker	legislative	3.07	tail	1	lawmaker, legislative
egid	aegis	protection	3.06	tail	1	aegis, protection, shield, auspices, sponsorship
libid	libido	sex	3.06	tail	1	libido, sex drive
resurekt	resurrect	rise	3.06	tail	1	to resurrect, rise
ĉaled	chalet	ski	3.06	tail	1	chalet, ski lodge, mountain log cabin
alproprig	assimilate	grab	3.05	core	3	to assimilate, grab
nerapid	leisurely	slow	3.05	tail	1	leisurely, slow, not fast
perpleks	perplexed	taken	3.05	extended	2	perplexed, taken aback
spit	defiantly	despite	3.05	core	3	defiantly, despite, in spite of
broĉ	brooch	safety	3.04	tail	1	brooch, safety pin
inkus	anvil	bone	3.04	tail	1	anvil, incus (small bone in the middle ear)
unukolor	monochrome	solid	3.04	tail	1	monochrome, solid
ĝet	jetty	protecting	3.04	tail	1	jetty, protecting mole, pier
dissemiĝ	disseminate	scatter	3.03	extended	2	to disseminate, propagate, scatter
katod	cathode	negative	3.03	tail	1	cathode, negative electrode
postkulis	backdoor	scenes	3.03	tail	1	backdoor, backstage, behind the scenes
ulcer	ulcer	sore	3.03	core	3	ulcer, sore
gasojl	kerosene	mineral	3.02	tail	1	kerosene, mineral oil, oil
kribr	sift	screen	3.02	tail	1	to sift, strain, filter, screen
spirpaŭz	breather	breathing	3.02	tail	1	breather, breathing space
dekor	adorn	decorate	3.01	tail	1	to adorn, decorate, ornament
plenblov	inflate	puff	3.01	tail	1	to inflate, puff up
provcel	experimentally	test	3.01	tail	1	experimentally, as a test
ekonom	bailiff	estate	3.0	tail	1	bailiff, bursar, estate manager, manager, steward, treasurer
elize	blissful	blessed	3.0	tail	1	blissful, blessed
femur	femur	leg	3.0	extended	2	femur, thigh, leg, upper leg
surgrundiĝ	alight	land	3.0	tail	1	to alight, land (on the ground)
unupec	monolithic	one-piece	3.0	tail	1	monolithic, one-piece
vezikl	blister	bubble	3.0	tail	1	blister, bladder, bubble, pocket, sack
ĝuplen	blissful	blessed	3.0	tail	1	blissful, blessed
