lemma	total_freq	origin	has_anchor
lily	4354	reclaimed	yes
mommy	1442	reclaimed	yes
hug	1116	reclaimed	yes
jack	1086	reclaimed	yes
anna	648	reclaimed	no
hop	618	reclaimed	yes
nod	480	reclaimed	yes
rabbit	452	reclaimed	yes
daisy	394	reclaimed	yes
curious	388	reclaimed	yes
sue	370	reclaimed	yes
doll	354	common_gap	yes
okay	343	reclaimed	yes
daddy	338	reclaimed	yes
bug	291	common_gap	yes
butterfly	291	common_gap	yes
swing	274	common_gap	yes
bunny	263	reclaimed	yes
mama	263	reclaimed	yes
pond	242	common_gap	yes
puppy	235	reclaimed	yes
fox	224	reclaimed	yes
squirrel	214	reclaimed	yes
magical	202	common_gap	yes
clap	194	common_gap	yes
duck	193	common_gap	yes
cheer	188	common_gap	yes
balloon	181	common_gap	yes
owl	160	reclaimed	yes
splash	153	reclaimed	yes
castle	152	reclaimed	yes
treasure	152	common_gap	yes
skip	150	reclaimed	yes
monster	148	reclaimed	yes
colorful	146	reclaimed	yes
kitty	144	reclaimed	yes
nearby	143	common_gap	yes
chase	142	reclaimed	yes
dragon	141	common_gap	yes
relieve	141	common_gap	yes
cave	139	reclaimed	yes
sunny	138	reclaimed	yes
bucket	137	common_gap	yes
cooky	134	common_gap	no
fairy	134	reclaimed	yes
spin	131	common_gap	yes
snack	129	common_gap	yes
kite	128	common_gap	yes
blanket	127	common_gap	yes
backyard	123	common_gap	yes
naughty	122	common_gap	yes
nap	119	common_gap	yes
yell	118	common_gap	yes
delight	115	common_gap	yes
shin	114	common_gap	no
swam	114	common_gap	no
crayon	111	reclaimed	yes
bow	108	common_gap	yes
tasty	107	common_gap	yes
whistle	107	reclaimed	yes
basket	105	common_gap	yes
giggle	105	reclaimed	yes
jog	104	reclaimed	yes
sack	104	common_gap	yes
kitten	103	reclaimed	yes
sunshine	103	common_gap	yes
bounce	102	common_gap	yes
crawl	102	common_gap	yes
cozy	100	reclaimed	yes
sparkle	100	reclaimed	yes
peter	98	reclaimed	yes
rainbow	98	common_gap	yes
grandpa	94	reclaimed	yes
lovely	92	common_gap	yes
roar	92	reclaimed	yes
bark	91	reclaimed	yes
furry	90	reclaimed	yes
cute	89	common_gap	yes
puddle	89	common_gap	yes
meadow	87	common_gap	yes
peanut	87	reclaimed	yes
zoom	87	reclaimed	yes
jar	84	common_gap	yes
jungle	84	reclaimed	yes
sandy	83	reclaimed	yes
peek	82	common_gap	yes
picnic	82	common_gap	yes
playground	81	common_gap	yes
puzzle	81	reclaimed	yes
mrs	79	reclaimed	yes
angel	77	common_gap	yes
ant	76	reclaimed	yes
gently	75	common_gap	yes
sparkly	75	common_gap	no
stir	75	common_gap	yes
wander	75	common_gap	yes
nest	74	common_gap	yes
tightly	74	common_gap	yes
berry	73	common_gap	yes
tiger	73	common_gap	yes
goat	72	reclaimed	yes
mr	72	reclaimed	yes
sigh	72	common_gap	yes
couch	71	common_gap	yes
dependable	71	reclaimed	yes
smelly	71	common_gap	yes
wipe	71	common_gap	yes
jealous	70	common_gap	yes
papa	70	reclaimed	yes
grace	69	reclaimed	yes
realise	69	common_gap	no
pizza	68	reclaimed	yes
shore	68	common_gap	yes
caterpillar	67	reclaimed	yes
selfish	67	common_gap	yes
wagon	67	common_gap	yes
ladder	66	common_gap	yes
paw	66	common_gap	yes
rocket	66	common_gap	yes
sleepy	66	common_gap	yes
sour	66	reclaimed	yes
thankful	66	common_gap	yes
mitten	65	reclaimed	yes
glow	64	common_gap	yes
tag	64	common_gap	yes
bench	63	common_gap	yes
bull	63	reclaimed	yes
zip	63	reclaimed	yes
clumsy	62	reclaimed	yes
gem	62	reclaimed	yes
clay	61	common_gap	yes
frustrate	61	common_gap	yes
honey	61	reclaimed	yes
tidy	61	reclaimed	yes
wag	61	common_gap	yes
cactus	60	reclaimed	yes
chew	60	common_gap	yes
brightly	59	common_gap	yes
arrow	58	common_gap	yes
candle	58	common_gap	yes
comet	58	reclaimed	yes
eager	58	reclaimed	yes
messy	58	common_gap	yes
ruin	58	common_gap	yes
twirl	58	common_gap	no
frown	57	common_gap	yes
turkey	57	common_gap	yes
bald	56	common_gap	yes
icy	56	reclaimed	yes
lick	56	common_gap	yes
raven	56	reclaimed	yes
stumble	56	common_gap	yes
accidentally	55	common_gap	yes
adventurous	55	common_gap	yes
crown	55	common_gap	yes
dolphin	55	common_gap	yes
lizard	55	common_gap	yes
maze	55	common_gap	yes
obedient	55	common_gap	yes
sneeze	55	common_gap	yes
octopus	54	common_gap	yes
barber	53	common_gap	yes
bloom	53	reclaimed	yes
dinosaur	53	common_gap	yes
dizzy	53	common_gap	yes
log	53	common_gap	yes
pirate	53	common_gap	yes
chirp	52	reclaimed	yes
fridge	52	common_gap	no
grumpy	52	common_gap	no
hive	52	common_gap	yes
soar	52	common_gap	yes
violin	52	common_gap	yes
buzz	51	reclaimed	yes
cherry	51	common_gap	yes
pillow	51	common_gap	yes
smith	51	reclaimed	yes
delicate	50	common_gap	yes
mighty	50	reclaimed	yes
exclaim	49	common_gap	yes
olive	49	reclaimed	yes
squeeze	49	common_gap	yes
cushion	48	common_gap	yes
eraser	48	common_gap	yes
fin	48	reclaimed	yes
henry	48	reclaimed	yes
higher	48	common_gap	yes
kayak	48	reclaimed	yes
leash	48	common_gap	yes
poppy	48	reclaimed	yes
ignorant	47	reclaimed	yes
jet	47	reclaimed	yes
jewel	47	reclaimed	yes
juicy	47	common_gap	yes
otter	47	common_gap	yes
persistent	47	common_gap	yes
spoil	47	common_gap	yes
surrender	47	reclaimed	yes
blueberry	46	common_gap	yes
cage	46	common_gap	yes
clown	46	reclaimed	yes
crab	46	common_gap	yes
dull	46	common_gap	yes
flute	46	reclaimed	yes
gasp	46	common_gap	yes
glue	46	common_gap	yes
pit	46	reclaimed	yes
pole	46	reclaimed	yes
shopkeeper	46	common_gap	yes
spray	46	common_gap	yes
witch	46	common_gap	yes
foolish	45	common_gap	yes
hippo	45	reclaimed	yes
leak	45	common_gap	yes
loyal	45	common_gap	yes
marble	45	common_gap	yes
safely	45	common_gap	yes
whale	45	common_gap	yes
deer	44	common_gap	yes
fountain	44	common_gap	yes
kindness	44	common_gap	yes
nosy	44	common_gap	yes
parade	44	common_gap	yes
pear	44	common_gap	yes
purse	44	common_gap	yes
tummy	44	common_gap	yes
turtle	44	reclaimed	yes
charming	43	common_gap	yes
weird	43	common_gap	yes
cabin	42	common_gap	yes
dove	42	common_gap	yes
trunk	42	common_gap	yes
vase	42	common_gap	yes
wand	42	common_gap	yes
zoo	42	common_gap	yes
chubby	41	reclaimed	yes
cone	41	reclaimed	yes
crack	41	reclaimed	yes
patch	41	common_gap	yes
raft	41	common_gap	yes
sweetheart	41	reclaimed	yes
tremble	41	common_gap	yes
tutor	41	common_gap	yes
wolf	41	common_gap	yes
alert	40	common_gap	yes
frank	40	reclaimed	yes
knob	40	common_gap	yes
laundry	40	common_gap	yes
lightning	40	common_gap	yes
mushroom	40	reclaimed	yes
necklace	40	common_gap	yes
oyster	40	common_gap	yes
proudly	40	common_gap	yes
sweetie	40	reclaimed	yes
twig	40	common_gap	yes
volcano	40	reclaimed	yes
barn	39	common_gap	yes
beam	39	common_gap	yes
blink	39	common_gap	yes
cube	39	common_gap	yes
mole	39	common_gap	yes
poke	39	common_gap	yes
shark	39	common_gap	yes
stubborn	39	common_gap	yes
velvet	39	reclaimed	yes
fake	38	common_gap	yes
fierce	38	common_gap	yes
flashlight	38	common_gap	yes
hairy	38	common_gap	yes
trap	38	common_gap	yes
tuna	38	reclaimed	yes
vine	38	common_gap	yes
cane	37	common_gap	yes
cocoa	37	common_gap	yes
crane	37	common_gap	yes
graceful	37	common_gap	yes
harbor	37	reclaimed	yes
harmless	37	common_gap	yes
knight	37	common_gap	yes
playful	37	common_gap	yes
polish	37	common_gap	yes
spike	37	reclaimed	yes
sticker	37	common_gap	yes
swan	37	common_gap	yes
triangle	37	common_gap	yes
trophy	37	common_gap	yes
hammer	36	common_gap	yes
knot	36	common_gap	yes
mask	36	common_gap	yes
scissor	36	common_gap	no
snap	36	reclaimed	yes
spill	36	common_gap	yes
attic	35	common_gap	yes
flap	35	common_gap	yes
horn	35	common_gap	yes
laser	35	reclaimed	yes
meow	35	reclaimed	yes
pigeon	35	reclaimed	yes
rat	35	reclaimed	yes
shrimp	35	common_gap	yes
thread	35	common_gap	yes
zebra	35	common_gap	yes
axe	34	common_gap	yes
chamber	34	common_gap	yes
clapping	34	common_gap	no
folder	34	common_gap	yes
hay	34	reclaimed	yes
mailbox	34	common_gap	yes
miserable	34	common_gap	yes
sniff	34	common_gap	yes
spaghetti	34	common_gap	yes
beep	33	reclaimed	yes
bossy	33	common_gap	yes
envelope	33	common_gap	yes
firework	33	common_gap	yes
fragile	33	common_gap	yes
harsh	33	common_gap	yes
hook	33	common_gap	yes
jolly	33	common_gap	yes
modest	33	common_gap	yes
ow	33	reclaimed	yes
pebble	33	common_gap	yes
pie	33	common_gap	yes
razor	33	common_gap	yes
squash	33	reclaimed	yes
disgust	32	common_gap	yes
envious	32	common_gap	yes
faucet	32	reclaimed	yes
goose	32	reclaimed	yes
grin	32	common_gap	yes
heal	32	common_gap	yes
muffin	32	common_gap	no
snowy	32	reclaimed	yes
tease	32	common_gap	yes
thoughtful	32	common_gap	yes
tuck	32	common_gap	no
beetle	31	common_gap	yes
blackboard	31	reclaimed	no
bump	31	common_gap	yes
chimney	31	common_gap	yes
distant	31	reclaimed	yes
filthy	31	common_gap	yes
gloomy	31	common_gap	yes
golden	31	common_gap	yes
growl	31	common_gap	yes
hoop	31	common_gap	yes
leopard	31	reclaimed	yes
louder	31	common_gap	no
mechanic	31	common_gap	yes
mill	31	common_gap	yes
pastel	31	common_gap	yes
pill	31	common_gap	yes
pup	31	reclaimed	yes
swamp	31	common_gap	yes
vendor	31	common_gap	yes
zigzag	31	reclaimed	yes
compassionate	30	common_gap	yes
creek	30	common_gap	yes
flutter	30	common_gap	yes
lemonade	30	reclaimed	yes
lollipop	30	common_gap	no
loop	30	reclaimed	yes
mixer	30	common_gap	yes
perfume	30	common_gap	yes
pumpkin	30	common_gap	yes
veil	30	common_gap	yes
wheat	30	common_gap	yes
yawn	30	common_gap	yes
awe	29	reclaimed	yes
pause	29	common_gap	yes
pedal	29	common_gap	yes
petal	29	common_gap	yes
pine	29	reclaimed	yes
rug	29	common_gap	yes
sausage	29	common_gap	yes
scooter	29	common_gap	yes
snowman	29	common_gap	yes
snuggle	29	common_gap	no
sunflower	29	reclaimed	yes
yacht	29	common_gap	yes
yogurt	29	reclaimed	yes
boo	28	reclaimed	yes
comb	28	common_gap	yes
jelly	28	common_gap	yes
massage	28	common_gap	yes
nicely	28	common_gap	yes
peach	28	reclaimed	yes
refresh	28	common_gap	yes
sandcastle	28	common_gap	yes
scatter	28	common_gap	yes
stitch	28	common_gap	yes
tray	28	common_gap	yes
trumpet	28	common_gap	yes
tweet	28	reclaimed	yes
amazement	27	common_gap	yes
bandage	27	common_gap	yes
calendar	27	common_gap	yes
cuddle	27	common_gap	yes
drawer	27	common_gap	yes
eagerly	27	common_gap	yes
helpless	27	common_gap	yes
hut	27	reclaimed	yes
lid	27	common_gap	yes
microscope	27	common_gap	yes
neighbourhood	27	common_gap	no
rake	27	common_gap	yes
reverse	27	common_gap	yes
rod	27	reclaimed	yes
scoop	27	common_gap	yes
softly	27	common_gap	yes
strawberry	27	common_gap	yes
sunset	27	common_gap	yes
tug	27	common_gap	yes
zipper	27	common_gap	yes
crib	26	common_gap	yes
dishwasher	26	common_gap	yes
dive	26	common_gap	yes
fascinated	26	common_gap	yes
fireman	26	common_gap	yes
forth	26	common_gap	yes
gaze	26	common_gap	yes
gear	26	common_gap	yes
kangaroo	26	reclaimed	yes
pastry	26	common_gap	yes
shiver	26	common_gap	yes
spade	26	common_gap	yes
worm	26	common_gap	yes
yoga	26	common_gap	yes
apron	25	common_gap	yes
beak	25	common_gap	yes
beneath	25	common_gap	yes
breeze	25	common_gap	yes
counter	25	common_gap	yes
deaf	25	reclaimed	yes
disturb	25	common_gap	yes
dough	25	common_gap	yes
gum	25	common_gap	yes
herb	25	common_gap	yes
hiding	25	reclaimed	yes
ink	25	common_gap	yes
missile	25	common_gap	yes
panda	25	common_gap	yes
penguin	25	common_gap	yes
quarrel	25	common_gap	yes
reef	25	common_gap	yes
scare	25	common_gap	yes
scratch	25	common_gap	yes
shrink	25	common_gap	yes
tap	25	common_gap	yes
ash	24	common_gap	yes
bracelet	24	common_gap	yes
collar	24	common_gap	yes
fearful	24	common_gap	yes
gust	24	common_gap	yes
igloo	24	reclaimed	yes
jail	24	common_gap	yes
lime	24	reclaimed	yes
oat	24	common_gap	no
paddle	24	common_gap	yes
palm	24	common_gap	yes
pat	24	reclaimed	yes
pinch	24	common_gap	yes
popcorn	24	common_gap	yes
shampoo	24	common_gap	yes
stack	24	common_gap	yes
suitcase	24	common_gap	yes
sunlight	24	common_gap	yes
birdcage	23	common_gap	no
bravely	23	common_gap	yes
chess	23	common_gap	yes
clearing	23	common_gap	yes
copper	23	reclaimed	yes
gorilla	23	reclaimed	yes
haircut	23	common_gap	no
humble	23	common_gap	yes
jerry	23	reclaimed	yes
makeup	23	common_gap	no
microphone	23	common_gap	yes
oats	23	common_gap	yes
opera	23	common_gap	yes
scrub	23	common_gap	yes
skeleton	23	reclaimed	yes
sofa	23	common_gap	yes
thumb	23	common_gap	yes
vroom	23	common_gap	no
anchor	22	common_gap	yes
applaud	22	common_gap	yes
grape	22	common_gap	yes
infant	22	common_gap	yes
magnet	22	common_gap	yes
perch	22	common_gap	yes
pride	22	common_gap	yes
restless	22	common_gap	yes
rot	22	common_gap	yes
scurry	22	common_gap	no
avocado	21	common_gap	yes
bang	21	reclaimed	yes
dare	21	common_gap	yes
darkness	21	common_gap	yes
fuzzy	21	reclaimed	yes
granny	21	reclaimed	yes
helmet	21	common_gap	yes
kneel	21	common_gap	yes
ornament	21	common_gap	yes
soak	21	common_gap	yes
thunder	21	common_gap	yes
tickle	21	common_gap	yes
trail	21	common_gap	yes
twinkle	21	reclaimed	yes
twisted	21	common_gap	no
unite	21	reclaimed	yes
unpack	21	common_gap	yes
veterinarian	21	reclaimed	yes
waist	21	common_gap	yes
whip	21	common_gap	yes
adorable	20	common_gap	yes
bookcase	20	common_gap	yes
cart	20	common_gap	yes
cereal	20	common_gap	yes
cheek	20	common_gap	yes
chore	20	common_gap	yes
fort	20	common_gap	yes
grill	20	common_gap	yes
hedge	20	common_gap	yes
jellyfish	20	common_gap	yes
overjoy	20	common_gap	no
porch	20	common_gap	yes
rag	20	common_gap	yes
rhinoceros	20	common_gap	yes
ribbon	20	common_gap	yes
screw	20	reclaimed	yes
shrug	20	common_gap	yes
slap	20	common_gap	yes
slippery	20	common_gap	yes
thermometer	20	common_gap	yes
unlock	20	common_gap	yes
vest	20	common_gap	yes
warmth	20	common_gap	yes
weep	20	common_gap	yes
yarn	20	common_gap	yes
alright	19	common_gap	yes
birdie	19	common_gap	no
blouse	19	common_gap	yes
buckle	19	common_gap	yes
cauliflower	19	common_gap	yes
chop	19	common_gap	yes
hunter	19	common_gap	yes
itch	19	common_gap	yes
luckily	19	reclaimed	yes
napkin	19	common_gap	yes
reindeer	19	common_gap	yes
sandbox	19	common_gap	yes
scarf	19	common_gap	yes
skull	19	common_gap	yes
venture	19	common_gap	yes
boom	18	common_gap	yes
broccoli	18	common_gap	yes
cracker	18	common_gap	yes
creep	18	common_gap	yes
kindly	18	common_gap	yes
mop	18	common_gap	yes
mule	18	common_gap	yes
mustache	18	common_gap	no
pancake	18	reclaimed	yes
ripe	18	common_gap	yes
shield	18	common_gap	yes
spark	18	common_gap	yes
spit	18	common_gap	yes
steak	18	common_gap	yes
sword	18	common_gap	yes
toast	18	common_gap	yes
vet	18	common_gap	no
villager	18	common_gap	yes
anytime	17	common_gap	yes
barrel	17	common_gap	yes
bathe	17	common_gap	yes
chalk	17	common_gap	yes
drain	17	common_gap	yes
drift	17	common_gap	yes
fireplace	17	common_gap	yes
lumber	17	common_gap	yes
ouch	17	reclaimed	yes
respectful	17	common_gap	yes
scold	17	common_gap	yes
sip	17	common_gap	yes
sneak	17	common_gap	yes
sprinkle	17	common_gap	yes
sunrise	17	common_gap	yes
tide	17	common_gap	yes
vanish	17	common_gap	yes
wardrobe	17	common_gap	yes
backpack	16	common_gap	yes
bouncy	16	common_gap	no
bulb	16	reclaimed	yes
crystal	16	reclaimed	yes
floppy	16	reclaimed	yes
fog	16	common_gap	yes
hanger	16	common_gap	no
mug	16	reclaimed	yes
outfit	16	common_gap	yes
patiently	16	common_gap	yes
prune	16	common_gap	yes
rip	16	common_gap	yes
seagull	16	common_gap	yes
seal	16	common_gap	yes
steam	16	common_gap	yes
twist	16	common_gap	yes
airplane	15	common_gap	yes
bun	15	reclaimed	yes
cabinet	15	common_gap	yes
cautiously	15	common_gap	yes
cupcake	15	common_gap	yes
elf	15	reclaimed	yes
giraffe	15	common_gap	yes
hallway	15	common_gap	yes
hose	15	common_gap	yes
notebook	15	common_gap	yes
oak	15	common_gap	yes
oxygen	15	common_gap	yes
pajama	15	common_gap	yes
pearl	15	common_gap	yes
prettiest	15	common_gap	no
ranch	15	common_gap	yes
reminder	15	common_gap	yes
sadness	15	common_gap	yes
whisker	15	reclaimed	yes
barely	14	common_gap	yes
canvas	14	common_gap	yes
carriage	14	common_gap	yes
celery	14	common_gap	yes
comfy	14	common_gap	no
cop	14	common_gap	yes
curiosity	14	reclaimed	yes
flavor	14	common_gap	yes
freezer	14	common_gap	yes
intrigue	14	common_gap	yes
jeep	14	common_gap	yes
ladybug	14	reclaimed	yes
lotion	14	common_gap	no
melody	14	reclaimed	yes
panic	14	common_gap	yes
pupil	14	common_gap	yes
sew	14	common_gap	yes
shovel	14	common_gap	yes
sore	14	common_gap	yes
starfish	14	common_gap	yes
superhero	14	common_gap	yes
sway	14	common_gap	yes
thrill	14	common_gap	yes
underneath	14	common_gap	yes
ambulance	13	common_gap	yes
bedtime	13	common_gap	yes
brighter	13	common_gap	no
bully	13	common_gap	yes
campfire	13	common_gap	yes
cricket	13	common_gap	yes
eagle	13	common_gap	yes
fade	13	common_gap	yes
flora	13	reclaimed	yes
forgave	13	common_gap	no
knelt	13	common_gap	no
marker	13	common_gap	yes
melon	13	common_gap	yes
onwards	13	common_gap	no
parrot	13	reclaimed	yes
ray	13	common_gap	yes
restore	13	common_gap	yes
rob	13	reclaimed	yes
rover	13	reclaimed	yes
shed	13	common_gap	yes
sting	13	common_gap	yes
stroke	13	common_gap	yes
unpacked	13	common_gap	no
acorn	12	common_gap	yes
bathtub	12	common_gap	yes
batter	12	common_gap	yes
cardboard	12	common_gap	yes
coral	12	common_gap	yes
curl	12	common_gap	yes
dip	12	common_gap	yes
helper	12	common_gap	yes
holly	12	reclaimed	yes
lawn	12	common_gap	yes
mailman	12	common_gap	yes
medal	12	common_gap	yes
muddy	12	common_gap	yes
nectar	12	reclaimed	yes
nutty	12	reclaimed	yes
purr	12	common_gap	yes
quack	12	common_gap	yes
rumble	12	common_gap	yes
rusty	12	reclaimed	yes
shannon	12	reclaimed	yes
sidewalk	12	common_gap	yes
snail	12	reclaimed	yes
squeal	12	common_gap	yes
swung	12	common_gap	no
temple	12	reclaimed	yes
warrior	12	common_gap	yes
armchair	11	common_gap	yes
brownie	11	reclaimed	yes
bumpy	11	reclaimed	yes
burst	11	common_gap	yes
chuckle	11	common_gap	no
circus	11	common_gap	yes
claws	11	common_gap	no
creamy	11	common_gap	no
drank	11	common_gap	no
exhaust	11	common_gap	yes
explorer	11	common_gap	yes
fabric	11	common_gap	yes
fisherman	11	common_gap	yes
ginger	11	reclaimed	yes
glitter	11	common_gap	yes
gracefully	11	common_gap	yes
honking	11	common_gap	yes
horizon	11	common_gap	yes
jug	11	common_gap	yes
marshmallow	11	common_gap	no
maya	11	reclaimed	yes
nick	11	reclaimed	yes
noon	11	reclaimed	yes
oasis	11	common_gap	yes
ostrich	11	common_gap	yes
pasta	11	common_gap	yes
potion	11	common_gap	yes
precious	11	common_gap	yes
sibling	11	common_gap	yes
snuck	11	common_gap	no
spaceship	11	common_gap	yes
spear	11	common_gap	yes
stem	11	common_gap	yes
tricky	11	common_gap	yes
wallet	11	common_gap	yes
wiggle	11	common_gap	yes
yucky	11	common_gap	no
ashtray	10	reclaimed	yes
bat	10	common_gap	yes
billboard	10	common_gap	yes
bin	10	reclaimed	yes
budge	10	common_gap	no
compassion	10	common_gap	yes
crow	10	reclaimed	yes
dresser	10	common_gap	yes
firefly	10	common_gap	yes
grandchild	10	common_gap	yes
hider	10	common_gap	yes
hopeful	10	common_gap	yes
itchy	10	common_gap	no
luggage	10	common_gap	yes
navy	10	reclaimed	yes
patience	10	common_gap	yes
peer	10	common_gap	yes
pippin	10	reclaimed	yes
quiz	10	common_gap	yes
racer	10	common_gap	no
reassure	10	common_gap	yes
rustle	10	common_gap	yes
slimy	10	common_gap	yes
snatch	10	common_gap	yes
soapy	10	common_gap	no
someday	10	common_gap	yes
spice	10	common_gap	yes
storekeeper	10	common_gap	no
strip	10	reclaimed	yes
toddler	10	common_gap	yes
vow	10	common_gap	yes
willow	10	reclaimed	yes
wisdom	10	common_gap	yes
wizard	10	reclaimed	yes
wobble	10	common_gap	yes
yield	10	common_gap	yes
accomplish	9	common_gap	yes
awake	9	reclaimed	yes
beard	9	common_gap	yes
bongo	9	reclaimed	yes
bravery	9	common_gap	yes
cobweb	9	common_gap	yes
crumb	9	common_gap	yes
dolly	9	common_gap	yes
echo	9	common_gap	yes
feast	9	common_gap	yes
fetch	9	common_gap	yes
firefighter	9	common_gap	yes
greedy	9	common_gap	yes
hiss	9	common_gap	yes
kingdom	9	common_gap	yes
mattress	9	common_gap	yes
onward	9	common_gap	no
paintbrush	9	common_gap	yes
pinky	9	reclaimed	yes
practise	9	common_gap	no
raccoon	9	common_gap	yes
reluctantly	9	common_gap	yes
riddle	9	common_gap	yes
ruby	9	reclaimed	yes
sailboat	9	common_gap	yes
seeker	9	common_gap	yes
speedy	9	reclaimed	yes
startle	9	reclaimed	yes
stomp	9	common_gap	no
sunglass	9	common_gap	no
swirl	9	common_gap	yes
tick	9	common_gap	yes
tub	9	common_gap	yes
unlocked	9	common_gap	no
x	9	common_gap	no
acceptor	8	reclaimed	yes
accomplishment	8	common_gap	yes
bead	8	common_gap	yes
belly	8	common_gap	yes
belove	8	common_gap	no
chipmunk	8	common_gap	yes
cough	8	common_gap	yes
darling	8	common_gap	yes
dot	8	common_gap	yes
dragonfly	8	common_gap	yes
glee	8	common_gap	yes
glimmer	8	common_gap	yes
jailer	8	common_gap	yes
keeper	8	common_gap	yes
magician	8	common_gap	yes
maple	8	reclaimed	yes
marching	8	common_gap	yes
mermaid	8	common_gap	yes
mosquito	8	reclaimed	yes
playtime	8	common_gap	yes
pluck	8	common_gap	yes
pudding	8	reclaimed	yes
scamper	8	common_gap	no
spooky	8	common_gap	yes
stew	8	common_gap	yes
stripe	8	common_gap	yes
swoop	8	common_gap	no
telescope	8	common_gap	yes
tiptoe	8	common_gap	no
twisting	8	common_gap	yes
unsure	8	common_gap	yes
warmly	8	common_gap	yes
wink	8	common_gap	yes
admiration	7	common_gap	yes
afar	7	common_gap	yes
backwards	7	common_gap	yes
basement	7	common_gap	yes
beaver	7	reclaimed	yes
beehive	7	common_gap	yes
broom	7	common_gap	yes
buddy	7	reclaimed	yes
buggy	7	reclaimed	yes
burrow	7	common_gap	yes
carol	7	reclaimed	yes
cliff	7	common_gap	yes
cluck	7	common_gap	yes
cottage	7	common_gap	yes
crunchy	7	common_gap	yes
curiously	7	common_gap	no
diving	7	common_gap	yes
doorway	7	common_gap	yes
dusty	7	common_gap	yes
faraway	7	common_gap	no
frost	7	common_gap	yes
hen	7	common_gap	yes
honk	7	common_gap	yes
kin	7	reclaimed	yes
mane	7	common_gap	yes
munch	7	common_gap	yes
plead	7	common_gap	yes
politely	7	common_gap	yes
popper	7	common_gap	no
pout	7	common_gap	yes
puff	7	common_gap	yes
quilt	7	common_gap	yes
ranger	7	common_gap	no
ruler	7	common_gap	yes
scar	7	common_gap	yes
screwdriver	7	common_gap	yes
shoo	7	reclaimed	yes
spoonful	7	common_gap	yes
sternly	7	common_gap	no
stroll	7	common_gap	yes
texture	7	common_gap	yes
tractor	7	common_gap	yes
trampoline	7	common_gap	yes
treehouse	7	common_gap	no
waffle	7	common_gap	yes
windy	7	common_gap	yes
alligator	6	common_gap	yes
ana	6	reclaimed	no
astronaut	6	common_gap	yes
auntie	6	reclaimed	yes
brick	6	common_gap	yes
cashier	6	common_gap	yes
chad	6	reclaimed	yes
conquer	6	common_gap	yes
creativity	6	common_gap	yes
devastate	6	common_gap	yes
dripping	6	common_gap	no
driveway	6	common_gap	yes
farewell	6	common_gap	yes
gobble	6	common_gap	no
grassy	6	common_gap	yes
ha	6	common_gap	no
hamster	6	common_gap	yes
handy	6	common_gap	yes
harvest	6	common_gap	yes
hesitant	6	common_gap	yes
hood	6	common_gap	yes
instantly	6	common_gap	yes
jasmine	6	reclaimed	yes
joyfully	6	common_gap	yes
lap	6	common_gap	yes
masterpiece	6	common_gap	yes
mist	6	common_gap	yes
moo	6	reclaimed	yes
nervously	6	common_gap	yes
newfound	6	common_gap	no
nibble	6	common_gap	yes
pecked	6	common_gap	no
peel	6	common_gap	yes
porcupine	6	reclaimed	yes
prank	6	common_gap	yes
rainy	6	common_gap	yes
recorder	6	common_gap	yes
robin	6	reclaimed	yes
satisfaction	6	common_gap	yes
scent	6	common_gap	yes
scrap	6	common_gap	yes
silently	6	common_gap	yes
snowflake	6	common_gap	yes
spanish	6	reclaimed	yes
sponge	6	common_gap	yes
spy	6	common_gap	yes
squeaky	6	reclaimed	yes
straw	6	common_gap	yes
tangle	6	common_gap	yes
teaspoon	6	common_gap	yes
terrify	6	common_gap	yes
tock	6	common_gap	no
tornado	6	common_gap	yes
tumble	6	common_gap	yes
turnip	6	common_gap	yes
uncover	6	common_gap	yes
untie	6	common_gap	yes
weeping	6	common_gap	yes
widen	6	common_gap	yes
yelp	6	common_gap	yes
zookeeper	6	common_gap	no
adjust	5	common_gap	yes
aisle	5	common_gap	yes
anticipation	5	common_gap	yes
appreciation	5	common_gap	yes
badge	5	common_gap	yes
bathrobe	5	common_gap	yes
blender	5	common_gap	yes
bolt	5	common_gap	yes
bound	5	common_gap	yes
brad	5	reclaimed	yes
brighten	5	common_gap	yes
bunnie	5	common_gap	no
buyer	5	common_gap	yes
cactuse	5	common_gap	no
calmly	5	common_gap	yes
cape	5	common_gap	yes
caw	5	reclaimed	yes
chug	5	common_gap	no
cobwebs	5	common_gap	no
coo	5	reclaimed	yes
croak	5	common_gap	yes
den	5	common_gap	yes
doggie	5	common_gap	no
donkey	5	common_gap	yes
doze	5	common_gap	yes
drip	5	common_gap	yes
ease	5	common_gap	yes
elder	5	common_gap	yes
fins	5	common_gap	no
firmly	5	common_gap	yes
flea	5	common_gap	yes
glisten	5	common_gap	yes
gorgeous	5	common_gap	yes
granddad	5	reclaimed	yes
granddaughter	5	reclaimed	yes
gratitude	5	common_gap	yes
graze	5	common_gap	yes
groom	5	common_gap	yes
gulp	5	common_gap	yes
handful	5	common_gap	yes
handsome	5	common_gap	yes
healing	5	common_gap	yes
hum	5	common_gap	yes
instinct	5	common_gap	yes
jay	5	reclaimed	yes
junk	5	common_gap	yes
lava	5	common_gap	yes
lettuce	5	common_gap	yes
marvel	5	common_gap	yes
mint	5	common_gap	yes
motion	5	common_gap	yes
nasty	5	common_gap	yes
naughtiness	5	common_gap	no
neatly	5	common_gap	yes
oatmeal	5	common_gap	yes
peacefully	5	common_gap	yes
peck	5	common_gap	yes
peculiar	5	common_gap	yes
peddle	5	common_gap	yes
pistol	5	common_gap	yes
pitcher	5	common_gap	yes
pitchfork	5	common_gap	yes
preschool	5	common_gap	no
prickly	5	common_gap	yes
radish	5	common_gap	yes
rail	5	common_gap	yes
raindrop	5	common_gap	yes
reunite	5	common_gap	yes
roast	5	common_gap	yes
salty	5	common_gap	yes
sandpit	5	common_gap	no
scoot	5	common_gap	no
seashell	5	common_gap	no
shave	5	common_gap	yes
shimmer	5	common_gap	yes
smiley	5	common_gap	yes
sneaky	5	common_gap	no
sniffle	5	common_gap	no
snowball	5	common_gap	yes
squint	5	common_gap	yes
squirt	5	common_gap	yes
squish	5	common_gap	no
streamer	5	common_gap	yes
syrup	5	common_gap	yes
tingle	5	common_gap	yes
townspeople	5	common_gap	no
twisty	5	common_gap	yes
unfamiliar	5	common_gap	no
untangle	5	common_gap	no
wetter	5	common_gap	no
workman	5	common_gap	yes
angrily	4	common_gap	yes
apologise	4	common_gap	no
astonish	4	common_gap	yes
bakery	4	common_gap	yes
belonging	4	common_gap	yes
bleed	4	common_gap	yes
bog	4	common_gap	yes
bookmark	4	common_gap	yes
braver	4	common_gap	no
bubbly	4	common_gap	yes
bud	4	common_gap	yes
builder	4	common_gap	yes
bushy	4	common_gap	yes
caution	4	common_gap	yes
chatter	4	common_gap	yes
cheetah	4	common_gap	yes
chilly	4	common_gap	yes
clover	4	common_gap	yes
clutch	4	common_gap	yes
compass	4	common_gap	yes
compliment	4	common_gap	yes
confusion	4	common_gap	yes
cord	4	common_gap	yes
cosy	4	common_gap	no
cowboy	4	common_gap	yes
crunch	4	common_gap	yes
disappointment	4	common_gap	yes
dodge	4	common_gap	no
dreammaker	4	common_gap	no
embarrassment	4	common_gap	yes
energetic	4	common_gap	yes
flop	4	common_gap	yes
foal	4	common_gap	yes
fondly	4	common_gap	yes
foreshadow	4	common_gap	yes
gator	4	common_gap	no
gesture	4	common_gap	yes
gladly	4	common_gap	no
grumble	4	common_gap	yes
guardian	4	reclaimed	yes
handkerchief	4	common_gap	yes
hatch	4	common_gap	yes
hedgehog	4	common_gap	yes
hideout	4	common_gap	no
hind	4	common_gap	yes
hip	4	common_gap	yes
hungrily	4	common_gap	no
icicle	4	common_gap	yes
juggle	4	common_gap	yes
kit	4	common_gap	yes
leap	4	common_gap	yes
maid	4	common_gap	yes
mesmerize	4	common_gap	no
miracle	4	common_gap	yes
mischievous	4	common_gap	yes
overcome	4	common_gap	yes
overhead	4	common_gap	yes
peak	4	common_gap	yes
peep	4	common_gap	yes
pepperoni	4	common_gap	no
playroom	4	common_gap	yes
plop	4	common_gap	no
plug	4	common_gap	yes
pod	4	common_gap	yes
polar	4	common_gap	yes
pro	4	common_gap	no
quieter	4	common_gap	no
raincoat	4	common_gap	yes
rejoice	4	common_gap	yes
roam	4	common_gap	yes
robber	4	common_gap	yes
rooster	4	common_gap	yes
ruffle	4	common_gap	yes
scramble	4	common_gap	yes
scribble	4	common_gap	yes
seatbelt	4	common_gap	no
slither	4	common_gap	no
smash	4	common_gap	yes
snooze	4	common_gap	no
sob	4	common_gap	yes
soften	4	common_gap	yes
sprout	4	common_gap	yes
squawk	4	common_gap	yes
squishy	4	common_gap	no
stalk	4	common_gap	yes
stern	4	common_gap	yes
stormy	4	common_gap	yes
strum	4	common_gap	yes
sunscreen	4	common_gap	no
swimsuit	4	common_gap	yes
tablecloth	4	common_gap	yes
tempt	4	common_gap	yes
thud	4	common_gap	no
tidying	4	common_gap	no
timer	4	common_gap	yes
toss	4	common_gap	yes
trot	4	common_gap	yes
twitch	4	reclaimed	yes
underwater	4	common_gap	yes
unkind	4	common_gap	yes
unload	4	common_gap	yes
unripe	4	common_gap	yes
vanilla	4	common_gap	yes
veggie	4	common_gap	no
vessel	4	common_gap	yes
vibrant	4	common_gap	yes
wad	4	common_gap	yes
wanna	4	common_gap	no
wax	4	common_gap	yes
whiz	4	common_gap	yes
wrist	4	common_gap	yes
abc	3	reclaimed	yes
abracadabra	3	reclaimed	yes
ache	3	common_gap	yes
alongside	3	common_gap	yes
aloud	3	common_gap	yes
aroma	3	common_gap	yes
attendant	3	common_gap	yes
awoken	3	common_gap	no
balanced	3	common_gap	yes
bamboo	3	common_gap	yes
bellow	3	common_gap	yes
blade	3	common_gap	yes
blast	3	common_gap	yes
bluebird	3	common_gap	no
bookshelf	3	common_gap	yes
boost	3	common_gap	yes
booth	3	common_gap	yes
bridle	3	common_gap	yes
brilliantly	3	common_gap	yes
burger	3	common_gap	yes
buzzer	3	common_gap	yes
calf	3	common_gap	yes
catcher	3	common_gap	yes
checkout	3	common_gap	yes
cherish	3	common_gap	yes
chick	3	common_gap	yes
chime	3	common_gap	yes
chunk	3	common_gap	yes
classmate	3	common_gap	yes
cloudy	3	common_gap	yes
cock	3	common_gap	yes
coconut	3	common_gap	yes
companion	3	common_gap	yes
congratulate	3	common_gap	yes
cooperate	3	common_gap	yes
craft	3	common_gap	yes
creak	3	common_gap	yes
crouch	3	common_gap	yes
cuddly	3	common_gap	yes
dart	3	common_gap	yes
dash	3	common_gap	yes
dial	3	common_gap	yes
dining	3	common_gap	no
dock	3	common_gap	yes
dollhouse	3	common_gap	no
duckle	3	common_gap	no
encouraging	3	common_gap	yes
energize	3	common_gap	no
english	3	reclaimed	yes
faint	3	common_gap	yes
flicker	3	common_gap	yes
flips	3	common_gap	no
frosty	3	reclaimed	yes
gallop	3	common_gap	yes
gardener	3	common_gap	yes
glance	3	common_gap	yes
glare	3	common_gap	yes
glittery	3	common_gap	no
goodness	3	common_gap	yes
goody	3	common_gap	no
grasp	3	common_gap	yes
grip	3	common_gap	yes
harmony	3	common_gap	yes
heartbroken	3	common_gap	no
homeless	3	common_gap	yes
honeybee	3	common_gap	no
hoof	3	common_gap	yes
hoot	3	common_gap	yes
illuminate	3	common_gap	yes
insert	3	common_gap	yes
joyful	3	common_gap	yes
keen	3	common_gap	yes
leafy	3	common_gap	yes
leapt	3	common_gap	no
lever	3	common_gap	yes
lioness	3	common_gap	yes
lobby	3	common_gap	yes
loneliness	3	common_gap	yes
lunchtime	3	common_gap	no
maker	3	common_gap	yes
mat	3	common_gap	no
moonwalk	3	common_gap	no
mower	3	common_gap	no
muster	3	common_gap	yes
nicer	3	common_gap	no
nuzzle	3	common_gap	yes
obediently	3	common_gap	yes
obstacle	3	common_gap	yes
padlock	3	common_gap	no
parcel	3	common_gap	yes
persistence	3	common_gap	yes
playhouse	3	common_gap	no
pointy	3	common_gap	no
pony	3	common_gap	yes
porridge	3	common_gap	yes
pouch	3	common_gap	yes
prey	3	common_gap	yes
protector	3	common_gap	yes
pry	3	common_gap	yes
reappear	3	common_gap	yes
reflection	3	common_gap	yes
relic	3	common_gap	yes
resume	3	common_gap	yes
riverbank	3	common_gap	yes
rosy	3	common_gap	yes
rumor	3	common_gap	yes
saddle	3	common_gap	yes
scowl	3	common_gap	yes
seahorse	3	common_gap	yes
seesaw	3	common_gap	yes
sensation	3	common_gap	yes
shh	3	reclaimed	yes
shortly	3	common_gap	yes
shrank	3	common_gap	no
shuffle	3	reclaimed	yes
shyly	3	common_gap	no
sideways	3	common_gap	no
slam	3	reclaimed	yes
smoothie	3	common_gap	no
snarl	3	common_gap	no
sparrow	3	common_gap	yes
spat	3	common_gap	yes
squeak	3	common_gap	yes
stain	3	common_gap	yes
stairway	3	common_gap	no
stall	3	common_gap	yes
steer	3	common_gap	yes
storybook	3	common_gap	no
stubbornness	3	common_gap	yes
sturdy	3	common_gap	yes
surfboard	3	common_gap	yes
sweetly	3	common_gap	no
swell	3	common_gap	yes
tantrum	3	common_gap	no
teapot	3	common_gap	yes
teddie	3	common_gap	no
temptation	3	common_gap	yes
tickly	3	common_gap	no
tissue	3	common_gap	yes
tournament	3	common_gap	yes
trusty	3	common_gap	yes
undo	3	common_gap	yes
unicorn	3	common_gap	yes
unison	3	reclaimed	yes
unwell	3	common_gap	yes
useless	3	common_gap	yes
waddle	3	common_gap	yes
whoa	3	reclaimed	yes
whoop	3	common_gap	no
windowsill	3	common_gap	no
wobbly	3	common_gap	yes
workshop	3	common_gap	yes
wrinkle	3	common_gap	yes
yummy	3	common_gap	no
accurately	2	common_gap	yes
acrobat	2	common_gap	yes
ahhe	2	common_gap	no
alas	2	common_gap	yes
alien	2	common_gap	yes
amuse	2	common_gap	yes
anxiously	2	common_gap	yes
anyways	2	common_gap	no
appetite	2	common_gap	yes
arch	2	common_gap	yes
artwork	2	common_gap	yes
astound	2	common_gap	yes
atop	2	common_gap	no
awhile	2	common_gap	no
awkward	2	common_gap	yes
baa	2	reclaimed	yes
baffle	2	common_gap	yes
ballerina	2	reclaimed	yes
basin	2	common_gap	yes
beady	2	common_gap	no
beautifully	2	common_gap	yes
bid	2	common_gap	yes
binocular	2	common_gap	yes
birdseed	2	common_gap	no
blend	2	common_gap	yes
bless	2	reclaimed	yes
blob	2	common_gap	no
blonde	2	common_gap	yes
blossom	2	common_gap	yes
blur	2	common_gap	yes
blush	2	common_gap	yes
boar	2	common_gap	yes
boarding	2	common_gap	yes
boundary	2	common_gap	yes
breadcrumb	2	common_gap	yes
bristle	2	common_gap	yes
bruise	2	common_gap	yes
bubblegum	2	common_gap	no
bundle	2	common_gap	yes
buttery	2	common_gap	yes
campsite	2	common_gap	no
canyon	2	common_gap	yes
carefree	2	common_gap	no
carelessly	2	common_gap	yes
carton	2	common_gap	no
carve	2	common_gap	yes
cautious	2	common_gap	yes
chainsaw	2	common_gap	yes
chaos	2	common_gap	yes
cheerfully	2	common_gap	yes
chill	2	common_gap	yes
christmas	2	reclaimed	yes
cinema	2	common_gap	yes
claw	2	common_gap	yes
clipper	2	common_gap	yes
clung	2	common_gap	no
cob	2	common_gap	yes
cobra	2	common_gap	yes
cooperation	2	common_gap	yes
courageous	2	common_gap	yes
courtier	2	common_gap	yes
cozier	2	common_gap	no
crackle	2	common_gap	yes
cranny	2	common_gap	no
critter	2	common_gap	no
crocodile	2	common_gap	yes
crumble	2	common_gap	yes
daffodil	2	common_gap	yes
dandelion	2	common_gap	yes
daydream	2	common_gap	yes
desperately	2	common_gap	yes
disbelief	2	common_gap	yes
discourage	2	common_gap	yes
disobey	2	reclaimed	yes
doorbell	2	common_gap	no
doorstep	2	common_gap	no
drown	2	common_gap	yes
dryer	2	common_gap	yes
earring	2	common_gap	yes
errand	2	common_gap	yes
fascination	2	common_gap	yes
fate	2	common_gap	yes
flip	2	common_gap	yes
flipper	2	common_gap	no
fluff	2	common_gap	yes
flurry	2	common_gap	no
foam	2	common_gap	yes
fond	2	common_gap	yes
footstep	2	common_gap	no
forehead	2	common_gap	yes
forgiveness	2	common_gap	yes
fragrance	2	common_gap	yes
fright	2	common_gap	yes
frisbee	2	common_gap	yes
froze	2	common_gap	no
frustration	2	common_gap	yes
fulfill	2	common_gap	yes
gadget	2	common_gap	yes
generosity	2	common_gap	yes
gigantic	2	common_gap	yes
gleam	2	common_gap	yes
glide	2	common_gap	yes
glossy	2	common_gap	yes
golfer	2	common_gap	yes
grandkid	2	common_gap	no
grease	2	common_gap	yes
groan	2	common_gap	yes
gross	2	common_gap	yes
grouchy	2	common_gap	no
gut	2	common_gap	yes
hairdresser	2	common_gap	yes
haire	2	common_gap	no
heartbeat	2	common_gap	yes
hearty	2	common_gap	yes
heavenly	2	common_gap	yes
hesitation	2	common_gap	yes
hideaway	2	common_gap	no
hike	2	common_gap	no
honesty	2	reclaimed	yes
hotter	2	common_gap	no
hover	2	common_gap	yes
hurriedly	2	common_gap	yes
impatiently	2	common_gap	yes
inseparable	2	common_gap	yes
insistent	2	common_gap	yes
jellybean	2	common_gap	no
jingle	2	common_gap	yes
junkyard	2	common_gap	no
knights	2	common_gap	no
lace	2	common_gap	yes
lamb	2	reclaimed	yes
lawnmower	2	common_gap	no
learner	2	common_gap	yes
len	2	common_gap	no
librarian	2	common_gap	yes
lightly	2	common_gap	yes
lookout	2	common_gap	yes
lovingly	2	common_gap	yes
lullaby	2	common_gap	yes
lush	2	common_gap	no
ma'am	2	common_gap	no
mac	2	common_gap	no
mango	2	common_gap	yes
marking	2	common_gap	yes
mast	2	common_gap	yes
merry	2	common_gap	yes
midst	2	common_gap	no
mini	2	common_gap	no
misbehave	2	common_gap	yes
moonlight	2	common_gap	yes
mural	2	common_gap	yes
murky	2	common_gap	yes
musty	2	common_gap	yes
nearer	2	common_gap	no
nestle	2	common_gap	yes
nightlight	2	common_gap	no
nightstand	2	common_gap	no
nook	2	common_gap	yes
oblige	2	common_gap	yes
oily	2	common_gap	no
ooh	2	common_gap	no
organise	2	common_gap	no
organiser	2	common_gap	no
pad	2	common_gap	yes
pail	2	common_gap	yes
pant	2	common_gap	yes
peacefulness	2	common_gap	yes
peacock	2	common_gap	yes
persuasive	2	common_gap	yes
pickle	2	common_gap	yes
piggybank	2	common_gap	no
pity	2	common_gap	yes
plaster	2	common_gap	yes
ponder	2	common_gap	yes
popsicle	2	common_gap	no
pounce	2	common_gap	yes
prance	2	common_gap	yes
prick	2	common_gap	yes
pucker	2	common_gap	no
quicken	2	common_gap	yes
quiver	2	common_gap	yes
rack	2	common_gap	yes
reassuringly	2	common_gap	yes
rebuild	2	common_gap	yes
receptionist	2	common_gap	yes
recess	2	common_gap	yes
reckless	2	common_gap	yes
reflective	2	common_gap	yes
repairman	2	common_gap	yes
responsibly	2	common_gap	yes
restful	2	common_gap	no
retrieve	2	common_gap	yes
rinse	2	common_gap	yes
ritual	2	common_gap	yes
rotten	2	common_gap	yes
savor	2	common_gap	yes
scenery	2	common_gap	yes
scootere	2	common_gap	no
scratchy	2	common_gap	yes
sensor	2	common_gap	yes
shady	2	common_gap	yes
shortcut	2	common_gap	yes
sill	2	common_gap	yes
siren	2	common_gap	yes
sizzle	2	common_gap	no
sleeve	2	common_gap	yes
smear	2	common_gap	yes
smoothly	2	common_gap	yes
snore	2	common_gap	yes
snort	2	common_gap	yes
sobs	2	common_gap	no
softness	2	common_gap	yes
soothe	2	common_gap	yes
soundly	2	common_gap	no
souvenir	2	common_gap	yes
spank	2	common_gap	yes
speechless	2	common_gap	yes
splish	2	common_gap	no
spook	2	common_gap	no
squabble	2	common_gap	yes
starle	2	common_gap	no
stool	2	common_gap	yes
strap	2	common_gap	yes
strut	2	common_gap	yes
stung	2	common_gap	no
stutter	2	common_gap	yes
sugary	2	common_gap	no
surprisingly	2	common_gap	no
suspicious	2	common_gap	yes
swallow	2	common_gap	yes
swap	2	common_gap	yes
swat	2	common_gap	no
sweat	2	common_gap	yes
sweaty	2	common_gap	yes
swimmer	2	common_gap	yes
swipe	2	common_gap	no
swirls	2	common_gap	no
swollen	2	common_gap	yes
tar	2	common_gap	yes
teamwork	2	common_gap	no
tense	2	common_gap	yes
tentacle	2	common_gap	yes
terribly	2	common_gap	yes
thankfully	2	common_gap	yes
thoughtfulness	2	common_gap	yes
tighten	2	common_gap	yes
tilt	2	common_gap	yes
timid	2	common_gap	yes
tirelessly	2	common_gap	yes
tocke	2	common_gap	no
toed	2	common_gap	no
toolbox	2	common_gap	yes
trading	2	common_gap	yes
trim	2	common_gap	yes
trouser	2	common_gap	no
trudge	2	common_gap	no
trustworthy	2	common_gap	yes
twinkly	2	common_gap	no
twirls	2	common_gap	no
ungrateful	2	common_gap	yes
unroll	2	common_gap	yes
unwanted	2	common_gap	yes
unwrap	2	common_gap	yes
victorious	2	common_gap	yes
waggle	2	common_gap	yes
watchful	2	common_gap	yes
waterfall	2	reclaimed	yes
webcam	2	common_gap	yes
weightless	2	common_gap	yes
whilst	2	common_gap	yes
whine	2	common_gap	yes
whir	2	common_gap	yes
whirlpool	2	common_gap	yes
whisk	2	common_gap	yes
whispering	2	common_gap	yes
windier	2	common_gap	no
wisely	2	common_gap	yes
woodpecker	2	common_gap	yes
x.	2	common_gap	no
$	1	common_gap	no
'bout	1	common_gap	no
abide	1	common_gap	yes
aboard	1	common_gap	yes
achy	1	common_gap	yes
admiringly	1	common_gap	yes
adventuresome	1	common_gap	yes
afloat	1	common_gap	yes
ajar	1	common_gap	yes
alleyways	1	common_gap	no
allowance	1	common_gap	yes
alphabet	1	common_gap	yes
amazingly	1	reclaimed	yes
amiss	1	common_gap	yes
ancestor	1	common_gap	yes
andjim	1	common_gap	no
antic	1	common_gap	yes
anything-	1	common_gap	no
apologizer	1	common_gap	no
apology	1	common_gap	yes
applause	1	common_gap	yes
appreciative	1	common_gap	yes
aquarium	1	common_gap	yes
archer	1	common_gap	yes
archery	1	common_gap	yes
arctic	1	reclaimed	yes
assemble	1	common_gap	yes
assure	1	common_gap	yes
automobile	1	common_gap	yes
autumn	1	common_gap	yes
await	1	common_gap	yes
awely	1	common_gap	no
awestruck	1	common_gap	no
baaed	1	common_gap	no
babysitter	1	common_gap	yes
"back,""be"	1	common_gap	no
bail	1	common_gap	yes
bait	1	reclaimed	yes
balancer	1	common_gap	no
barnyard	1	common_gap	yes
beachs	1	common_gap	no
bearable	1	common_gap	yes
bedspread	1	common_gap	no
behold	1	common_gap	yes
bendy	1	common_gap	no
beneficial	1	common_gap	yes
bicker	1	common_gap	yes
bicyle	1	common_gap	no
bin-	1	common_gap	no
birdsong	1	common_gap	no
biscuit	1	common_gap	yes
blackbird	1	common_gap	yes
blessing	1	common_gap	yes
boastful	1	common_gap	yes
bob	1	common_gap	no
bobbed	1	common_gap	no
bold	1	common_gap	yes
bond-	1	common_gap	no
boredom	1	common_gap	yes
bouquet	1	common_gap	yes
brag	1	common_gap	yes
brainstorm	1	common_gap	no
brass	1	common_gap	yes
bravado	1	common_gap	no
bray	1	common_gap	yes
breakthrough	1	common_gap	yes
brew	1	common_gap	yes
brigade	1	common_gap	yes
broomstick	1	common_gap	yes
brownish	1	common_gap	yes
browse	1	common_gap	yes
buck	1	common_gap	yes
burp	1	common_gap	yes
busily	1	common_gap	no
cackle	1	common_gap	yes
calmness	1	common_gap	yes
calmyou	1	common_gap	no
camper	1	common_gap	yes
canoe	1	common_gap	yes
caramel	1	reclaimed	yes
careen	1	common_gap	no
caretaker	1	common_gap	yes
cartwheel	1	common_gap	no
catchy	1	common_gap	no
char	1	common_gap	yes
charmy	1	common_gap	no
chatty	1	common_gap	no
checkup	1	common_gap	no
cheery	1	common_gap	no
chin	1	common_gap	yes
chocolaty	1	common_gap	no
choke	1	common_gap	yes
chomp	1	common_gap	no
choppy	1	common_gap	no
chord	1	common_gap	yes
chorus	1	common_gap	yes
churn	1	common_gap	yes
clam	1	common_gap	yes
clamber	1	common_gap	yes
classwork	1	common_gap	no
cleaner	1	common_gap	no
cleanly	1	common_gap	no
cleansing	1	common_gap	no
cleverer	1	common_gap	no
cleverly	1	common_gap	yes
clingin	1	common_gap	no
clink	1	common_gap	yes
clip	1	common_gap	yes
clothesline	1	common_gap	yes
cloudless	1	common_gap	yes
clumsily	1	common_gap	yes
cluttered	1	common_gap	no
cocoon	1	common_gap	yes
coil	1	common_gap	yes
colder	1	common_gap	no
collaboration	1	common_gap	yes
collage	1	common_gap	yes
colony	1	common_gap	yes
commotion	1	common_gap	yes
como	1	common_gap	no
companionable	1	common_gap	no
compartment	1	common_gap	yes
compromise	1	common_gap	yes
conductor	1	common_gap	yes
congratulation	1	reclaimed	yes
considerate	1	common_gap	yes
console	1	common_gap	yes
contagious	1	common_gap	yes
contentedly	1	common_gap	no
conveyor	1	common_gap	no
cooktop	1	common_gap	no
coop	1	common_gap	yes
corridor	1	common_gap	yes
courageously	1	common_gap	yes
courteous	1	common_gap	yes
courtyard	1	common_gap	yes
crawly	1	common_gap	no
crossly	1	common_gap	no
cruelly	1	common_gap	yes
crumple	1	common_gap	yes
crush	1	common_gap	yes
cub	1	common_gap	yes
"cub---""be"	1	common_gap	no
cucumber	1	common_gap	yes
culprit	1	common_gap	yes
cutter	1	common_gap	yes
damp	1	common_gap	yes
dangle	1	common_gap	yes
de	1	common_gap	no
deader	1	common_gap	no
dearly	1	common_gap	no
deed	1	common_gap	yes
delicately	1	common_gap	yes
delightful	1	common_gap	yes
descend	1	common_gap	yes
destruction	1	common_gap	yes
detour	1	common_gap	yes
different--	1	common_gap	no
dinnertime	1	common_gap	no
dinos	1	common_gap	no
dipping	1	common_gap	no
disagreeable	1	common_gap	no
disagreement	1	common_gap	yes
disapointe	1	common_gap	no
discomfort	1	common_gap	yes
disguise	1	common_gap	yes
disintegrate	1	common_gap	yes
disobedient	1	common_gap	yes
disrespectful	1	common_gap	yes
disrupt	1	common_gap	yes
distract	1	common_gap	yes
distressed	1	common_gap	yes
ditch	1	common_gap	yes
dizziness	1	common_gap	yes
doe	1	common_gap	yes
dollop	1	common_gap	no
doom	1	common_gap	yes
doormat	1	common_gap	yes
doughnut	1	common_gap	yes
downstream	1	common_gap	yes
dreamland	1	reclaimed	yes
drench	1	common_gap	yes
drill	1	common_gap	yes
drool	1	common_gap	no
droop	1	common_gap	yes
drummer	1	common_gap	yes
e	1	common_gap	yes
eachother	1	common_gap	no
easel	1	common_gap	yes
ecstatic	1	common_gap	yes
eerie	1	common_gap	yes
eh	1	reclaimed	yes
elbow	1	common_gap	yes
elegant	1	common_gap	yes
embarrass	1	common_gap	yes
embrace	1	common_gap	yes
empower	1	common_gap	yes
enchant	1	common_gap	yes
enclosure	1	common_gap	yes
encouragement	1	common_gap	yes
encouragingly	1	common_gap	no
endless	1	common_gap	yes
endlessly	1	common_gap	yes
enforce	1	common_gap	no
enthral	1	common_gap	no
enthusiastically	1	common_gap	yes
esta	1	common_gap	no
etc	1	common_gap	yes
eventhough	1	common_gap	no
exception	1	common_gap	yes
excessive	1	reclaimed	yes
excite	1	common_gap	yes
extravagance	1	common_gap	yes
eyebrow	1	common_gap	yes
eyeshadow	1	common_gap	no
farth	1	common_gap	no
fawn	1	common_gap	yes
fearless	1	common_gap	yes
festive	1	common_gap	yes
fidget	1	common_gap	yes
fighter	1	common_gap	yes
filling	1	common_gap	yes
finder	1	common_gap	yes
firewood	1	common_gap	yes
fleck	1	common_gap	no
flee	1	common_gap	yes
fleeting	1	common_gap	yes
flex	1	common_gap	yes
flick	1	common_gap	no
flier	1	common_gap	yes
flit	1	common_gap	yes
flowerbe	1	common_gap	no
flowerpot	1	common_gap	yes
fondness	1	common_gap	yes
fool	1	common_gap	yes
foolishness	1	common_gap	yes
forgetful	1	common_gap	yes
fortress	1	common_gap	yes
fortunate	1	common_gap	yes
forwards	1	common_gap	no
freely	1	common_gap	yes
freshly	1	common_gap	yes
frilly	1	common_gap	no
fulfil	1	common_gap	no
fumble	1	common_gap	yes
funeral	1	common_gap	yes
funn	1	common_gap	no
funniest	1	common_gap	no
furthest	1	common_gap	no
fuzzier	1	common_gap	no
galore	1	common_gap	yes
genius	1	common_gap	yes
gentlly	1	common_gap	no
glacier	1	common_gap	yes
gliding	1	common_gap	yes
glimpse	1	common_gap	yes
glint	1	common_gap	no
gloom	1	common_gap	yes
gluing	1	common_gap	no
goggle	1	common_gap	no
gooey	1	common_gap	no
gown	1	common_gap	yes
gratefully	1	common_gap	yes
griddle	1	common_gap	no
grimy	1	common_gap	no
gruff	1	common_gap	yes
grumpiest	1	common_gap	no
guffaw	1	common_gap	yes
guilt	1	common_gap	yes
guiltily	1	common_gap	yes
gunshot	1	common_gap	yes
hairstyle	1	common_gap	no
halfway	1	common_gap	yes
hamburger	1	common_gap	yes
happenne	1	common_gap	no
hardwork	1	common_gap	no
harness	1	common_gap	yes
heap	1	common_gap	yes
hearte	1	common_gap	no
heater	1	common_gap	yes
hedgewit	1	common_gap	no
helpamy	1	common_gap	no
hesitantly	1	common_gap	yes
hilarious	1	common_gap	no
hilltop	1	common_gap	no
him-	1	common_gap	no
hippos	1	common_gap	yes
hoist	1	common_gap	yes
homemade	1	common_gap	no
homeward	1	common_gap	no
honestly	1	common_gap	yes
honeycomb	1	common_gap	yes
honorary	1	common_gap	yes
hopefully	1	common_gap	yes
hosepipe	1	common_gap	no
howl	1	common_gap	yes
huff	1	common_gap	no
humbly	1	common_gap	yes
hunker	1	common_gap	no
hurray	1	reclaimed	yes
iceberg	1	common_gap	yes
icky	1	common_gap	no
identical	1	common_gap	yes
ignition	1	common_gap	yes
ignorance	1	reclaimed	yes
imaginable	1	common_gap	yes
imaginative	1	common_gap	yes
impatience	1	common_gap	yes
independently	1	common_gap	yes
inevitable	1	common_gap	yes
inevitably	1	common_gap	no
infect	1	common_gap	yes
infectious	1	common_gap	yes
injection	1	common_gap	yes
inquire	1	common_gap	yes
inscribe	1	common_gap	yes
inseperable	1	common_gap	no
inspection	1	common_gap	yes
instant	1	common_gap	yes
instinctively	1	reclaimed	yes
intensely	1	common_gap	yes
intruder	1	common_gap	yes
jabbed	1	common_gap	no
jaw	1	common_gap	yes
jealousy	1	common_gap	yes
jig	1	common_gap	yes
jiggle	1	common_gap	no
jiggly	1	common_gap	no
jigsaw	1	common_gap	yes
joyous	1	common_gap	yes
joystick	1	common_gap	yes
judgement	1	common_gap	no
jumble	1	common_gap	yes
justo	1	common_gap	no
kayaker	1	common_gap	no
keepsake	1	common_gap	yes
kernel	1	common_gap	yes
keyhole	1	common_gap	yes
knowledgeable	1	common_gap	no
lavish	1	common_gap	yes
laze	1	common_gap	no
ledge	1	common_gap	no
leftover	1	common_gap	no
lesson-	1	common_gap	no
lifetime	1	common_gap	yes
lipstick	1	common_gap	yes
litter	1	common_gap	yes
littler	1	common_gap	no
litttle	1	common_gap	no
loaf	1	common_gap	yes
locker	1	common_gap	no
lolly	1	common_gap	no
longing	1	common_gap	yes
loudness	1	common_gap	yes
loudspeaker	1	common_gap	yes
lounge	1	common_gap	yes
lovable	1	common_gap	yes
loyalty	1	common_gap	yes
lump	1	common_gap	yes
lunchbox	1	common_gap	no
lurk	1	common_gap	yes
luxurious	1	common_gap	yes
machinery	1	common_gap	yes
madder	1	common_gap	yes
magcally	1	common_gap	no
magnificent	1	common_gap	yes
magnify	1	common_gap	yes
magpie	1	common_gap	yes
majestic	1	common_gap	yes
mandala	1	common_gap	yes
marketplace	1	common_gap	yes
matey	1	common_gap	no
meander	1	common_gap	yes
meatball	1	common_gap	no
melodious	1	common_gap	yes
mend	1	common_gap	yes
mesmerise	1	common_gap	no
mew	1	common_gap	yes
mewing	1	common_gap	no
microwave	1	common_gap	yes
mightier	1	common_gap	no
mindful	1	common_gap	yes
miraculously	1	reclaimed	yes
misery	1	common_gap	yes
moan	1	common_gap	yes
moat	1	common_gap	yes
mock	1	common_gap	yes
modesty	1	reclaimed	yes
mold	1	common_gap	yes
"mother,""can"	1	common_gap	no
motionless	1	common_gap	yes
mound	1	common_gap	yes
mountainside	1	common_gap	yes
mourn	1	common_gap	yes
mover	1	reclaimed	yes
multi	1	common_gap	no
mumble	1	common_gap	yes
mutter	1	common_gap	yes
naptime	1	common_gap	no
navigate	1	common_gap	yes
needel	1	common_gap	no
neglect	1	common_gap	yes
nephew	1	common_gap	yes
newly	1	common_gap	yes
nickname	1	common_gap	yes
niece	1	common_gap	yes
nighttime	1	common_gap	no
nonsense	1	common_gap	yes
nudge	1	common_gap	yes
nugget	1	common_gap	no
o'clock	1	common_gap	no
oar	1	common_gap	yes
obedience	1	common_gap	yes
observant	1	common_gap	yes
odor	1	common_gap	yes
offering	1	common_gap	yes
officially	1	common_gap	yes
oink	1	common_gap	no
operas	1	common_gap	no
operator	1	common_gap	yes
opportunistic	1	common_gap	no
optimistic	1	common_gap	yes
ounce	1	common_gap	yes
outrun	1	common_gap	yes
outsider	1	common_gap	yes
outsite	1	common_gap	no
outsmart	1	common_gap	yes
outstretche	1	common_gap	no
overcame	1	common_gap	no
overhear	1	common_gap	yes
overnight	1	common_gap	yes
overwhelm	1	common_gap	yes
packet	1	common_gap	yes
pal	1	common_gap	yes
par	1	common_gap	yes
parachute	1	common_gap	yes
paradise	1	common_gap	yes
parlor	1	common_gap	yes
passageway	1	common_gap	yes
pathway	1	common_gap	yes
patter	1	common_gap	yes
peat	1	common_gap	yes
perfection	1	common_gap	yes
performer	1	common_gap	yes
petrify	1	common_gap	yes
pew	1	common_gap	yes
pip	1	common_gap	yes
pitter	1	common_gap	no
playdate	1	common_gap	no
playthe	1	common_gap	no
plea	1	common_gap	yes
pleadingly	1	common_gap	no
pleeease	1	common_gap	no
plump	1	common_gap	yes
plush	1	common_gap	yes
politeness	1	common_gap	yes
pollen	1	common_gap	yes
pollute	1	common_gap	yes
poof	1	common_gap	no
poolside	1	common_gap	no
portion	1	common_gap	yes
postman	1	common_gap	yes
powerless	1	common_gap	yes
practicig	1	common_gap	no
pre	1	common_gap	no
precariously	1	common_gap	no
precise	1	common_gap	yes
preference	1	common_gap	yes
presto	1	common_gap	no
promotion	1	common_gap	yes
puck	1	common_gap	yes
puffy	1	common_gap	yes
pump	1	common_gap	yes
punch	1	common_gap	yes
puzzlw	1	common_gap	no
pyjama	1	common_gap	no
quest	1	common_gap	yes
quit3	1	common_gap	no
racket	1	common_gap	yes
rage	1	common_gap	yes
rainfall	1	common_gap	no
rainstorm	1	common_gap	no
rainwater	1	common_gap	no
ramp	1	common_gap	yes
rash	1	common_gap	yes
raspberry	1	common_gap	yes
rattle	1	common_gap	yes
readily	1	common_gap	yes
realization	1	common_gap	yes
reap	1	common_gap	yes
rearrange	1	common_gap	yes
reassurance	1	common_gap	no
recital	1	common_gap	yes
recognise	1	common_gap	no
recount	1	common_gap	yes
recovery	1	common_gap	yes
reel	1	common_gap	yes
refreshingly	1	common_gap	no
refusal	1	common_gap	yes
rein	1	common_gap	yes
relent	1	common_gap	yes
remarkable	1	common_gap	yes
repeatedly	1	common_gap	yes
repeatly	1	common_gap	no
"replied:""oh"	1	common_gap	no
rescuer	1	common_gap	yes
reset	1	common_gap	yes
resign	1	common_gap	yes
resourceful	1	common_gap	yes
resourcefulness	1	common_gap	yes
restart	1	common_gap	yes
retye	1	common_gap	no
reverse-	1	common_gap	no
reversinng	1	common_gap	no
rhyme	1	common_gap	yes
rib	1	common_gap	yes
rider	1	common_gap	yes
ridiculous	1	common_gap	yes
rightful	1	common_gap	yes
ripen	1	common_gap	yes
ripple	1	common_gap	yes
risky	1	common_gap	yes
riverside	1	common_gap	no
robe	1	common_gap	yes
rose	1	common_gap	yes
rosemary	1	common_gap	yes
roughly	1	common_gap	yes
roundest	1	common_gap	no
rowboat	1	common_gap	yes
rubbish	1	common_gap	yes
rudely	1	common_gap	yes
rummage	1	common_gap	no
rung	1	common_gap	yes
runnne	1	common_gap	no
rust	1	common_gap	yes
"said,""if"	1	common_gap	no
"said,""okay"	1	common_gap	no
"said,""this"	1	common_gap	no
"said:""mummy"	1	common_gap	no
salon	1	common_gap	yes
sandal	1	common_gap	yes
sap	1	common_gap	yes
saunter	1	common_gap	yes
scaredy	1	common_gap	no
scariness	1	common_gap	no
scourging	1	common_gap	no
scrape	1	common_gap	yes
"screamed,""help"	1	common_gap	no
screech	1	reclaimed	yes
scrunch	1	common_gap	yes
scuttle	1	common_gap	no
secretly	1	common_gap	yes
securely	1	common_gap	no
seize	1	common_gap	yes
selfie	1	common_gap	no
selfishness	1	common_gap	yes
seller	1	common_gap	yes
sermon	1	common_gap	yes
server	1	common_gap	yes
shaky	1	common_gap	yes
sharer	1	common_gap	yes
sheepishly	1	common_gap	no
shoebox	1	common_gap	no
shovels	1	common_gap	no
shriek	1	common_gap	yes
shrinker	1	common_gap	no
shrunk	1	common_gap	no
shyness	1	common_gap	yes
sickness	1	common_gap	yes
sideline	1	common_gap	yes
signature	1	common_gap	yes
sillyness	1	common_gap	no
silverware	1	common_gap	yes
simmer	1	common_gap	yes
skate	1	common_gap	yes
sketch	1	common_gap	yes
skillfully	1	common_gap	no
slash	1	common_gap	yes
sleepyhead	1	common_gap	yes
slim	1	common_gap	yes
sloppy	1	common_gap	no
slurp	1	common_gap	no
sly	1	common_gap	yes
smelly-	1	common_gap	no
smock	1	common_gap	yes
smooshy	1	common_gap	no
smoother	1	common_gap	no
smoothness	1	common_gap	no
smug	1	common_gap	no
snache	1	common_gap	no
sneakily	1	common_gap	no
snip	1	common_gap	yes
snivel	1	common_gap	yes
snowstorm	1	common_gap	no
snug	1	common_gap	yes
solemnly	1	common_gap	yes
solver	1	common_gap	no
someplace	1	common_gap	yes
soooooo	1	common_gap	no
soot	1	common_gap	yes
"sound,""thought"	1	common_gap	no
sound-	1	common_gap	no
spacesuit	1	common_gap	no
spar	1	common_gap	yes
speck	1	common_gap	yes
spectacle	1	common_gap	yes
spew	1	common_gap	yes
spikey	1	common_gap	no
spine	1	common_gap	yes
spiral	1	common_gap	yes
splatter	1	common_gap	yes
splendid	1	common_gap	yes
spot-	1	common_gap	no
sprayer	1	common_gap	yes
springtime	1	common_gap	yes
sprinke	1	common_gap	no
sprinkler	1	common_gap	yes
sprint	1	common_gap	yes
squat	1	common_gap	yes
squiggle	1	common_gap	yes
squirm	1	common_gap	no
staircase	1	common_gap	yes
stallion	1	common_gap	yes
starry	1	common_gap	yes
starve	1	common_gap	yes
stash	1	common_gap	yes
steadily	1	common_gap	no
steamy	1	common_gap	no
stethoscope	1	common_gap	yes
stinky	1	common_gap	yes
stirrer	1	common_gap	no
stopper	1	common_gap	yes
strangely	1	reclaimed	yes
streak	1	common_gap	yes
stretchy	1	common_gap	no
strew	1	common_gap	yes
strive	1	common_gap	yes
stub	1	common_gap	yes
stuffy	1	common_gap	yes
stun	1	common_gap	yes
styling	1	common_gap	yes
stylish	1	common_gap	yes
suave	1	common_gap	no
submerge	1	common_gap	yes
subside	1	common_gap	yes
subtract	1	common_gap	yes
summertime	1	common_gap	no
sunbathe	1	common_gap	no
sunbeam	1	common_gap	yes
sunburnt	1	common_gap	no
sunnier	1	common_gap	no
suprise	1	common_gap	no
surf	1	common_gap	yes
surfer	1	common_gap	yes
surge	1	common_gap	yes
surprised-	1	common_gap	no
suspend	1	common_gap	yes
suspiciously	1	common_gap	yes
swarm	1	common_gap	yes
sweeter	1	common_gap	no
swingset	1	common_gap	no
swordfighte	1	common_gap	no
sympathetically	1	common_gap	yes
takin	1	common_gap	no
tapestry	1	common_gap	yes
tart	1	common_gap	yes
teary	1	common_gap	no
teasier	1	common_gap	no
tender	1	common_gap	yes
terror	1	common_gap	yes
tester	1	common_gap	yes
thaw	1	common_gap	yes
thimble	1	common_gap	yes
things-	1	common_gap	no
thinkin	1	common_gap	no
thirst	1	common_gap	yes
thistle	1	common_gap	yes
thorn	1	common_gap	yes
thoroughly	1	common_gap	yes
thoughtfully	1	common_gap	no
thrive	1	common_gap	yes
throne	1	common_gap	yes
thump	1	common_gap	yes
thunderbolt	1	common_gap	yes
tighter	1	common_gap	no
tightness	1	common_gap	yes
tile	1	common_gap	yes
timely	1	common_gap	yes
tin	1	common_gap	yes
ting	1	common_gap	no
tingly	1	common_gap	no
tinkle	1	common_gap	yes
tippy	1	common_gap	no
tiptoes	1	common_gap	no
toad	1	reclaimed	yes
toaster	1	common_gap	yes
toddle	1	common_gap	yes
tokens	1	common_gap	no
topping	1	common_gap	no
topple	1	common_gap	yes
tore	1	common_gap	no
tow	1	reclaimed	yes
traverse	1	common_gap	yes
treasue	1	common_gap	no
trek	1	common_gap	no
trigger	1	common_gap	yes
triumph	1	common_gap	yes
triumphant	1	common_gap	no
trolley	1	common_gap	yes
troublesome	1	common_gap	yes
trundle	1	common_gap	yes
truthful	1	common_gap	yes
truthfully	1	common_gap	no
tutu	1	common_gap	no
twirly	1	common_gap	no
ufo	1	reclaimed	yes
ultimate	1	common_gap	yes
unattended	1	common_gap	yes
unbelievably	1	common_gap	no
unclean	1	common_gap	yes
undress	1	common_gap	yes
undye	1	common_gap	no
unfreeze	1	common_gap	yes
unhook	1	common_gap	yes
unhooked	1	common_gap	no
unicorns	1	common_gap	no
unimportant	1	common_gap	yes
unity	1	common_gap	yes
unlucky	1	common_gap	yes
unnoticed	1	common_gap	yes
unpackinng	1	common_gap	no
unpleasantly	1	common_gap	no
unstuck	1	common_gap	no
unwind	1	common_gap	yes
unzip	1	common_gap	yes
upside	1	common_gap	no
upstream	1	common_gap	yes
upwards	1	common_gap	yes
urgently	1	common_gap	yes
utmost	1	common_gap	yes
vacuum	1	common_gap	yes
vibrate	1	common_gap	yes
vibration	1	common_gap	yes
victor	1	common_gap	yes
vigorously	1	common_gap	no
virtue	1	common_gap	yes
vivid	1	common_gap	yes
void	1	common_gap	yes
voyage	1	common_gap	yes
wade	1	common_gap	yes
waggly	1	common_gap	no
waggy	1	common_gap	no
walkway	1	common_gap	no
wary	1	common_gap	yes
wasteful	1	common_gap	yes
waver	1	common_gap	yes
weaken	1	common_gap	yes
weave	1	common_gap	yes
webs	1	common_gap	no
weed	1	common_gap	yes
wetness	1	common_gap	yes
wetsuit	1	common_gap	no
whack	1	common_gap	yes
whimper	1	common_gap	yes
whirl	1	common_gap	yes
whirling	1	common_gap	no
whirr	1	common_gap	yes
whiteboard	1	common_gap	no
whiteness	1	common_gap	yes
whoosh	1	common_gap	no
width	1	common_gap	yes
wildflower	1	common_gap	no
willingness	1	common_gap	yes
windmill	1	common_gap	yes
wingbeat	1	common_gap	no
wonderfully	1	common_gap	yes
woo	1	reclaimed	yes
woody	1	common_gap	yes
wordless	1	common_gap	yes
worriedly	1	common_gap	yes
worsen	1	common_gap	yes
wrapper	1	common_gap	yes
wreck	1	common_gap	yes
wriggle	1	common_gap	yes
y	1	reclaimed	yes
ya	1	common_gap	no
yea	1	reclaimed	yes
yearn	1	common_gap	yes
yip	1	common_gap	no
yummies--	1	common_gap	no
