en_lemma	decision	final_tier	note	total_freq	final_eo_word	eo_gloss	proposed_tier
gator	keep	2		4	aligatoro	alligator	2
mat	keep	2		3	mato	checkmate, mate	2
padlock	keep	2		3	kadenaco	padlock	2
snarl	keep	2		3	graŭli	to growl	2
tantrum	keep	2		3	kolerkrizo		2
bubblegum	keep	2		2	maĉgumo	chewing gum	2
doorstep	keep	2		2	sojlo	sill, threshold	2
mini	keep	2		2	eta	tiny	2
beachs	drop		junk: misspelling of 'beaches' — not a word	1	strando	beach, shore	2
chocolaty	keep	2	real informal word — keep	1	ĉokolada	chocolate	2
forwards	keep	2		1	antaŭen	ahead, forth, forward(s), on(ward)	2
grimy	keep	2		1	kotoza		2
inevitably	keep	2		1	neeviteble	unavoidably	2
ledge	keep	2		1	kornico	cornice	2
rainstorm	keep	2		1	pluvoŝtormo		2
shoebox	keep	2		1	ŝuskesto		2
snowstorm	keep	2		1	neĝoŝtormo	blizzard	2
stretchy	keep	2		1	elastika		2
triumphant	keep	2		1	triumfa	triumphal	2
tutu	keep	2		1	baletjupo	ballet skirt	2
unbelievably	keep	2		1	nekredeble	incredibly	2
twitch	keep	2		4	spasmeti	twitch	2
bamboo	keep	2		3	bambuo	bamboo	2
lobby	keep	2		3	vestiblo	entrance hall, lobby, porch, vestibule	2
prey	keep	2		3	predo	booty, loot, prey	2
hover	keep	2		2	ŝvebi	to circle, hang, hover, float	2
savor	keep	2		2	ĝui	to delight in, enjoy, relish	2
choke	keep	2		1	sufoki	to choke, quell, suffocate, suppress, smother, stifle strangle, throttle	2
collage	keep	2		1	kolaĝo	collage	2
corridor	keep	2		1	koridoro	corridor, passage, hallway, hall, lane, passageway	2
skate	keep	2		1	sketilo	skate	2
stuffy	keep	2		1	sufoka	airless, oppressive, stifling, sultry, suffocating	2
bubbly	keep	2		4	eferverska	bubbly	2
bushy	keep	2		4	arbeda	bushy	2
cheetah	keep	2		4	gepardo	cheetah	2
chilly	keep	2		4	friska	chilly	2
compass	keep	2		4	busolo	compass	2
cowboy	keep	2		4	gaŭĉo	cowboy, gaucho	2
fondly	keep	2		4	ame	fondly, lovingly	2
handkerchief	keep	2		4	poŝtuko	handkerchief, tissue	2
hedgehog	keep	2		4	erinaco	hedgehog	2
hind	keep	2		4	posta	hind, hindmost, posterior, ulterior	2
hip	keep	2		4	kokso	haunch, hip	2
miracle	keep	2		4	miraklo	miracle	2
mischievous	keep	2		4	blaga	humorous, playful, mischievous	2
pod	keep	2		4	guŝo	husk, pod	2
sprout	keep	2		4	ŝosi	to sprout	2
stern	keep	2		4	pobo	poop(deck), stern	2
stormy	keep	2		4	ŝtorma	stormy	2
unload	keep	2		4	deŝarĝi	to unload, discharge	2
unripe	keep	2		4	nematura	immature, unripe, not ripe	2
vessel	keep	2		4	ujo	bin, container, box, vessel	2
wrist	keep	2		4	pojno	wrist	2
abc	keep	2		3	aboco	ABC, alphabet, basics, fundamentals, primer, rudiments	2
abracadabra	keep	2		3	abrakadabro	abracadabra	2
blade	keep	2		3	kulmo	blade, stalk	2
calf	keep	2		3	suro	calf	2
cherish	keep	2		3	ami	to love, cherish	2
cooperate	keep	2		3	kunagi	to cooperate	2
dash	keep	2		3	iregi	to dash, to rush	2
hoot	keep	2		3	hui	to boo, hoot	2
leafy	keep	2		3	folriĉa	leafy, rich in leaves	2
pony	keep	2		3	poneo	pony	2
pouch	keep	2		3	kropo	craw, crop, goiter, gullet, pouch	2
seahorse	keep	2		3	hipokampo	seahorse	2
surfboard	keep	2		3	surftabulo	surfboard	2
teapot	keep	2		3	teujo	teapot, tea caddy, tea canister	2
waddle	keep	2		3	anasiri	to waddle	2
awkward	keep	2		2	plumpa	awkward, lumpish, plump, ungainly	2
baa	keep	2		2	bei	to baa, bleat	2
basin	keep	2		2	pelvo	basin, bowl, pelvis	2
bristle	keep	2		2	aristo	arista, awn, beard, bristle	2
bundle	keep	2		2	fasko	bunch, bundle, cluster, sheaf	2
carve	keep	2		2	ĉizi	to carve, chisel	2
christmas	keep	2		2	kristnaska	Christmas, of Christmas, Christmas-time	2
claw	keep	2		2	krifo	claw, talon	2
cob	keep	2		2	maizospadiko	cob	2
cobra	keep	2		2	kobro	cobra	2
crocodile	keep	2		2	krokodilo	crocodile	2
dandelion	keep	2		2	leontodo	dandelion	2
desperately	keep	2		2	krize	critically, desperately	2
disbelief	keep	2		2	nekredemo	disbelief, lack of faith	2
fate	keep	2		2	fato	destiny, fate, ill fate, fortune	2
fluff	keep	2		2	lanugo	down, fluff, nap	2
foam	keep	2		2	ŝaumo	foam, froth	2
fond	keep	2		2	ama	fond	2
frustration	keep	2		2	frustro	frustration	2
gigantic	keep	2		2	giganta	gigantic, huge, giant	2
gleam	keep	2		2	glimi	to gleam	2
heavenly	keep	2		2	ĉiela	celestial, heavenly	2
lace	keep	2		2	laĉi	to lace	2
lovingly	keep	2		2	ame	fondly, lovingly	2
moonlight	keep	2		2	lunlumo	moonlight	2
musty	keep	2		2	mucida	foul, moldy, musty	2
nook	keep	2		2	niĉo	niche, nook	2
pant	keep	2		2	anheli	to be out of breath, pant, hyperventilate	2
peacock	keep	2		2	pavo	peacock	2
pity	keep	2		2	domaĝo	pity, something regrettable	2
plaster	keep	2		2	gipsi	to plaster	2
prance	keep	2		2	pranci	to balk, buck, prance, rear	2
rotten	keep	2		2	aĉa	lousy, rotten, poor in quality, ugly, wretched, no good	2
shortcut	keep	2		2	irmallongigo	shortcut	2
sill	keep	2		2	sojlo	sill, threshold	2
siren	keep	2		2	sireno	mermaid, siren	2
strut	keep	2		2	pavi	to show off, strut, swagger	2
tar	keep	2		2	gudri	to tar	2
tentacle	keep	2		2	tentaklo	tentacle	2
tighten	keep	2		2	stringi	to hug, squeeze, tighten, draw, constrict	2
toolbox	keep	2		2	ilkesto	toolbox	2
unwanted	keep	2		2	nedezirata	unwanted, unsolicited	2
whilst	keep	2		2	dum	during, while, for, whereas, whilst	2
woodpecker	keep	2		2	pego	woodpecker	2
alphabet	keep	2		1	aboco	ABC, alphabet, basics, fundamentals, primer, rudiments	2
ancestor	keep	2		1	atavo	ancestor	2
applause	keep	2		1	aplaŭdoado	applause	2
bail	keep	2		1	bejlo	bail	2
behold	keep	2		1	jen	behold, here is, here are, look, there	2
biscuit	keep	2		1	kekso	biscuit, cookie	2
blackbird	keep	2		1	merlo	blackbird	2
bouquet	keep	2		1	bukedo	bunch, bouquet	2
brass	keep	2		1	latuna	brass	2
bray	keep	2		1	iai	to bray	2
brew	keep	2		1	brasi	to brew	2
broomstick	keep	2		1	balailstango	broomstick	2
buck	keep	2		1	baŭmi	to buck (as a horse)	2
burp	keep	2		1	rukti	to belch, burp	2
cackle	keep	2		1	gaki	to cackle	2
chin	keep	2		1	mentono	chin	2
clam	keep	2		1	lamelibrankio	clam	2
clip	keep	2		1	klipo	clasp, clip	2
clothesline	keep	2		1	pendigŝnuro	clothesline	2
cutter	keep	2		1	kutro	cutter	2
doughnut	keep	2		1	benjeto	doughnut	2
easel	keep	2		1	stablo	bench, easel, workbench, support, stand	2
ecstatic	keep	2		1	ekstaza	ecstatic	2
etc	keep	2	abbreviation, not vocabulary — drop if tidy	1	k.t.p.	(kaj tiel plu) et cetera, etc.	2
excessive	keep	2		1	troa	excessive, undue	2
eyebrow	keep	2		1	brovo	brow, eyebrow	2
fleeting	keep	2		1	nedaŭra	fleeting, temporary, brief, transitory, provisional, transient	2
fondness	keep	2		1	ameco	fondness, tenderness	2
fortress	keep	2		1	fortreso	fortress	2
glacier	keep	2		1	glaĉero	glacier	2
gunshot	keep	2		1	pafilpafo	gunshot	2
hamburger	keep	2		1	hamburgro	hamburger	2
hippos	keep	2		1	hipopotamedoj	hippos	2
ignorance	keep	2		1	nescio	ignorance	2
instinctively	keep	2		1	instinkte	instinctively	2
jaw	keep	2		1	makzelo	jaw, jawbone	2
jealousy	keep	2		1	ĵaluzo	jealousy	2
jig	keep	2		1	ĝigo	jig	2
jigsaw	keep	2		1	arabeskosegilo	jigsaw	2
jumble	keep	2		1	fatraso	jumble, junk, trash	2
lipstick	keep	2		1	ruĵo	lipstick	2
lovable	keep	2		1	amebla	lovable	2
madder	keep	2		1	rubio	madder	2
magpie	keep	2		1	pigo	magpie, pica	2
mandala	keep	2		1	mandalo	mandala	2
melodious	keep	2		1	melodia	melodic, melodious, tuneful	2
mew	keep	2		1	miaŭi	to meow, mew	2
microwave	keep	2		1	mikroonda	microwave	2
miraculously	keep	2		1	mirakle	miraculously	2
mound	keep	2		1	digo	dam, dike, embankment, jetty, mound	2
nonsense	keep	2		1	blago	joke, nonsense	2
ounce	keep	2		1	unco	ounce	2
paradise	keep	2		1	edeno	paradise	2
pip	keep	2		1	pipso	pip (disease in birds)	2
plush	keep	2		1	pluŝo	plush	2
portion	keep	2		1	ono	portion, fraction, fragment, share, digit	2
ramp	keep	2		1	ramplo	ramp	2
refusal	keep	2		1	rifuzo	refusal, rejection	2
repeatedly	keep	2		1	ade	continually, continuously, repeatedly, often	2
rosemary	keep	2		1	rosmareno	rosemary	2
roughly	keep	2		1	aspre	roughly, harshly	2
sandal	keep	2		1	sandalo	sandal	2
saunter	keep	2		1	malrapidiri	to saunter	2
sketch	keep	2		1	etudo	etude, study, sketch	2
slash	keep	2		1	sabri	to hack, slash	2
smock	keep	2		1	kazako	colors, smock	2
someplace	keep	2		1	iuloke	anyplace, anywhere, someplace, somewhere	2
spew	keep	2		1	ŝurci	to spurt, gush, spew	2
sprayer	keep	2		1	aspergilo	atomizer, sprayer	2
springtime	keep	2		1	printempo	spring, springtime	2
sprint	keep	2		1	sprinti	to sprint	2
stash	keep	2		1	kasajo	stash, something hidden, something concealed	2
stethoscope	keep	2		1	stetoskopo	stethoscope	2
stinky	keep	2		1	stinka	malodorous, smelly, stinking, stinky	2
subtract	keep	2		1	depreni	to deduce, deduct, take away, take off, subtract	2
surf	keep	2		1	surfi	to (web)surf	2
surge	keep	2		1	huli	to surge	2
throne	keep	2		1	trono	throne	2
trigger	keep	2		1	ĉano	hammer (of a gun), trigger	2
triumph	keep	2		1	triumfi	to triumph	2
trolley	keep	2		1	troleo	trolley	2
ufo	keep	2		1	nifo	UFO	2
ultimate	keep	2		1	lasta	hindermost, last, ultimate	2
unhook	keep	2		1	dekroĉi	to unhook	2
