en_lemma	total_freq	final_eo_root	final_eo_word	eo_gloss	band	head_root_inventory_tier	proposed_tier	review_flag
dodge	4	evit	eviti	to avoid, evade, eschew, keep aloof, shirk, shun	P6_tail	core	2	
gator	4	aligator	aligatoro	alligator	P6_tail	tail	2	rare-anchor
gladly	4	ĝoj	ĝoje	joyfully, happily	P6_tail	core	2	
hideout	4	ej	kaŝejo	hiding place	P6_tail	core	2	
hungrily	4	malsat	malsate		P6_tail	core	2	
mesmerize	4	hipnot	hipnoti		P6_tail	core	2	
pepperoni	4	peperon	peperono		P6_tail	core	2	
pro	4	profesi	profesiulo	professional	P6_tail	core	2	
seatbelt	4	zon	sekurzono	safety belt, seat belt	P6_tail	core	2	
snooze	4	dorm	dormeti	to doze, nap, slumber	P6_tail	core	2	
squishy	4	mol	premmola		P6_tail	core	2	
sunscreen	4	krem	sunkremo	sunscreen	P6_tail	extended	2	
veggie	4	legom	legomo	vegetable	P6_tail	extended	2	
bluebird	3	bird	blubirdo		P6_tail	core	2	
dining	3	manĝ	manĝado	repast	P6_tail	core	2	
dollhouse	3	dom	pupdomo	doll house	P6_tail	core	2	
energize	3	energi	energiigi		P6_tail	extended	2	
glittery	3	bril	brileta		P6_tail	core	2	
goody	3	frand	frandaĵo	delicacy, tidbit, sweet, rarity, tidbit	P6_tail	core	2	
heartbroken	3	ŝir	korŝirita		P6_tail	core	2	
honeybee	3	abel	mielabelo		P6_tail	core	2	
lunchtime	3	temp	lunĉtempo		P6_tail	core	2	
mat	3	mat	mato	checkmate, mate	P6_tail	tail	2	rare-anchor
moonwalk	3	marŝ	lunmarŝo		P6_tail	core	2	
padlock	3	kadenac	kadenaco	padlock	P6_tail	—	2	rare-anchor
playhouse	3	dom	luddomo		P6_tail	core	2	
pointy	3	pint	pinta	pointed, spiked, leading	P6_tail	core	2	
shyly	3	hont	hontete		P6_tail	core	2	
sideways	3	flank	flanken	aside, to the side	P6_tail	core	2	
smoothie	3	trink	fruktotrinkaĵo		P6_tail	core	2	
snarl	3	graŭl	graŭli	to growl	P6_tail	tail	2	rare-anchor
stairway	3	ŝtup	ŝtuparo	staircase, stairs	P6_tail	core	2	
storybook	3	libr	rakontlibro		P6_tail	core	2	
sweetly	3	dolĉ	dolĉe	gently	P6_tail	core	2	
tantrum	3	kriz	kolerkrizo		P6_tail	tail	2	rare-anchor
tickly	3	tikl	tiklema		P6_tail	extended	2	
windowsill	3	bret	fenestrobreto	window sill	P6_tail	core	2	
yummy	3	gust	bongusta	luscious, nice, tasty, savory, succulent	P6_tail	core	2	
atop	2	supr	supre	above, on top, overhead, upstairs, aloft, up, upstairs	P6_tail	core	2	
awhile	2	temp	momenton	a moment, a few minutes	P6_tail	core	2	
beady	2	bid	bidsimila		P6_tail	core	2	
birdseed	2	gren	birdogreno		P6_tail	core	2	
blob	2	glob	globaĵo		P6_tail	extended	2	
bubblegum	2	gum	maĉgumo	chewing gum	P6_tail	tail	2	rare-anchor
campsite	2	ej	kampadejo	camping ground, camping site	P6_tail	core	2	
carefree	2	zorg	senzorga	careless, neglectful, reckless, remiss	P6_tail	core	2	
carton	2	karton	kartono	cardboard, pasteboard	P6_tail	core	2	
cranny	2	fend	fendeto	fissure	P6_tail	core	2	
doorbell	2	sonoril	pordsonorilo		P6_tail	core	2	
doorstep	2	sojl	sojlo	sill, threshold	P6_tail	tail	2	rare-anchor
flurry	2	turb	neĝoturbo		P6_tail	core	2	
footstep	2	paŝ	piedpaŝo		P6_tail	core	2	
grandkid	2	nep	genepo	grandchild	P6_tail	core	2	
grouchy	2	grumbl	grumblema	morose	P6_tail	core	2	
hideaway	2	ej	kaŝejo	hiding place	P6_tail	core	2	
hike	2	migr	migri	to migrate, roam, wander, wander about, travel about	P6_tail	core	2	
jellybean	2	bombon	ĝelebombono		P6_tail	core	2	
junkyard	2	ej	rubejo	garbage dump	P6_tail	core	2	
knights	2	kavalir	kavaliro	cavalier, knight, chevalier	P6_tail	core	2	
lush	2	abund	abunda	abundant, affluent, ample, copious, plentiful, profuse, rich, bountiful	P6_tail	core	2	
midst	2	mez	mezo	average, mean, middle	P6_tail	core	2	
mini	2	et	eta	tiny	P6_tail	tail	2	rare-anchor
nightlight	2	lamp	noktolampo		P6_tail	core	2	
nightstand	2	tabl	noktotableto		P6_tail	core	2	
oily	2	ole	olea		P6_tail	extended	2	
piggybank	2	pork	ŝparporketo		P6_tail	core	2	
popsicle	2	baston	glacibastoneto		P6_tail	core	2	
restful	2	ripoz	ripoziga		P6_tail	core	2	
sizzle	2	sibl	sibli	to hiss, whistle	P6_tail	core	2	
soundly	2	fund	profunde	deeply, profoundly	P6_tail	core	2	
spook	2	tim	ektimigi		P6_tail	core	2	
sugary	2	suker	sukera	bland, sugary	P6_tail	core	2	
surprisingly	2	surpriz	surprize	aback	P6_tail	core	2	
swat	2	frap	klakfrapi		P6_tail	core	2	
swipe	2	kapt	forkapti	to hijack, kidnap	P6_tail	core	2	
teamwork	2	labor	teamlaboro		P6_tail	core	2	
trudge	2	paŝ	trenpaŝi		P6_tail	core	2	
twinkly	2	bril	brileta		P6_tail	core	2	
alleyways	1	strat	strateto	alley, lane	P6_tail	core	2	
awestruck	1	frap	mirfrapita		P6_tail	core	2	
beachs	1	strand	strando	beach, shore	P6_tail	tail	2	rare-anchor
bedspread	1	kovril	litkovrilo	bedcover, blanket, quilt	P6_tail	core	2	
bendy	1	fleks	fleksebla	flexible, pliable, pliant, supple	P6_tail	core	2	
birdsong	1	kant	birdokanto	bird song	P6_tail	core	2	
bob	1	balanc	balanceti		P6_tail	core	2	
brainstorm	1	um	cerbumado		P6_tail	core	2	
bravado	1	fanfaron	fanfaronado	fanfaronade, ostentation	P6_tail	core	2	
busily	1	okup	okupite		P6_tail	core	2	
careen	1	kur	kuregi	to race, run	P6_tail	core	2	
cartwheel	1	rad	flankrado		P6_tail	core	2	
catchy	1	memor	memorinda	memorable	P6_tail	core	2	
charmy	1	ĉarm	ĉarma	attractive, charming, lovely, pleasing, alluring	P6_tail	core	2	
chatty	1	babil	babilema	talkative, verbose	P6_tail	core	2	
checkup	1	kontrol	kontrolo	check, oversight, scrutiny, verification, diagnostics	P6_tail	core	2	
cheery	1	gaj	gajeta		P6_tail	core	2	
chocolaty	1	ĉokolad	ĉokolada	chocolate	P6_tail	tail	2	rare-anchor
chomp	1	maĉ	maĉegi		P6_tail	core	2	
choppy	1	ond	onda	of a wave	P6_tail	core	2	
classwork	1	labor	klaslaboro		P6_tail	core	2	
cleanly	1	pur	pure	purely	P6_tail	core	2	
cleansing	1	pur	puriga	abluent, sanitary	P6_tail	core	2	
cluttered	1	ord	malorda	bedraggled, chaotic, disheveled	P6_tail	core	2	
companionable	1	amik	amikema	friendly	P6_tail	core	2	
contentedly	1	kontent	kontente		P6_tail	core	2	
conveyor	1	bend	transportbendo	conveyor belt	P6_tail	extended	2	
cooktop	1	plat	kuirplato		P6_tail	core	2	
crawly	1	ramp	rampa		P6_tail	core	2	
crossly	1	koler	kolere	angrily	P6_tail	core	2	
dearly	1	kar	kare		P6_tail	core	2	
dinnertime	1	temp	vespermanĝtempo		P6_tail	core	2	
dipping	1	tremp	trempi	to dip, immerse, plunge, soak, steep	P6_tail	core	2	
disagreeable	1	agrabl	malagrabla	bleak, dismal, dreary, horrible, ghastly, grisly, nasty, unpleasant	P6_tail	core	2	
dollop	1	bul	buleto	pellet, small ball	P6_tail	core	2	
drool	1	bav	bavi	to dribble, slobber	P6_tail	extended	2	
encouragingly	1	kuraĝ	kuraĝige	supportively	P6_tail	core	2	
enforce	1	dev	devigi	to compel, force, coerce, oblige	P6_tail	core	2	
enthral	1	sorĉ	ensorĉi	to bewitch, delude, fascinate	P6_tail	core	2	
eyeshadow	1	ŝmink	okulŝminko	eye shadow	P6_tail	extended	2	
fleck	1	makul	makuleto	speck, spot	P6_tail	core	2	
flick	1	frap	ekfrapeti		P6_tail	core	2	
forwards	1	antaŭ	antaŭen	ahead, forth, forward(s), on(ward)	P6_tail	—	2	rare-anchor
frilly	1	volan	volana		P6_tail	core	2	
glint	1	bril	ekbrilo	flash	P6_tail	core	2	
goggle	1	vitr	naĝokulvitroj		P6_tail	core	2	
gooey	1	glu	glueca	sticky	P6_tail	core	2	
griddle	1	plat	bakplato		P6_tail	core	2	
grimy	1	kot	kotoza		P6_tail	tail	2	rare-anchor
hairstyle	1	aranĝ	hararanĝo	hair style, hairdo	P6_tail	core	2	
hardwork	1	labor	laborego	graft, labor, toil	P6_tail	core	2	
hilarious	1	rid	ridiga	amusing, comedy	P6_tail	core	2	
hilltop	1	supr	montetsupro		P6_tail	core	2	
homemade	1	far	hejmfarita		P6_tail	core	2	
homeward	1	hejm	hejmen	home(wards)	P6_tail	core	2	
hosepipe	1	tub	akvotubo	drain, water-pipe	P6_tail	core	2	
huff	1	snuf	eksnufi		P6_tail	extended	2	
icky	1	naŭz	naŭza	abhorrent, abominable, alien, disgusting, nasty, nauseous	P6_tail	extended	2	
inevitably	1	evit	neeviteble	unavoidably	P6_tail	tail	2	rare-anchor
jiggle	1	sku	skueti	to jog, joggle	P6_tail	core	2	
jiggly	1	trem	tremeta		P6_tail	core	2	
knowledgeable	1	kler	klera	cultured, educated, learned, well-informed, talented, enlightened	P6_tail	core	2	
laze	1	pigr	pigri	to be lazy	P6_tail	extended	2	
ledge	1	kornic	kornico	cornice	P6_tail	tail	2	rare-anchor
lolly	1	bombon	lekbombono		P6_tail	core	2	
lunchbox	1	kest	manĝokesto		P6_tail	core	2	
matey	1	kamarad	kamaradeca		P6_tail	core	2	
meatball	1	bul	viandbulo		P6_tail	core	2	
naptime	1	temp	dormtempo		P6_tail	core	2	
nighttime	1	temp	noktotempo		P6_tail	core	2	
nugget	1	pec	orpeceto		P6_tail	core	2	
operas	1	oper	opero	opera	P6_tail	core	2	
opportunistic	1	oportun	oportunisma		P6_tail	core	2	
playdate	1	kunven	ludkunveno		P6_tail	core	2	
pleadingly	1	pet	petege		P6_tail	core	2	
poolside	1	rand	basenrando		P6_tail	extended	2	
precariously	1	firm	malfirme	loosely	P6_tail	core	2	
rainfall	1	pluv	pluvado		P6_tail	core	2	
rainstorm	1	ŝtorm	pluvoŝtormo		P6_tail	tail	2	rare-anchor
reassurance	1	trankvil	trankviligo	appeasement	P6_tail	core	2	
refreshingly	1	freŝ	refreŝige		P6_tail	extended	2	
riverside	1	bord	riverbordo	riverbank	P6_tail	core	2	
rummage	1	serĉ	traserĉi	to search (in document)	P6_tail	extended	2	
scariness	1	tim	timigeco		P6_tail	core	2	
scourging	1	vip	vipado	flogging, lashing, whipping	P6_tail	core	2	
scuttle	1	kur	forkuri	to abscond, elope, escape, run away	P6_tail	core	2	
securely	1	sekur	sekure	safely	P6_tail	core	2	
selfie	1	fot	memfoto		P6_tail	core	2	
sheepishly	1	embaras	embarasite		P6_tail	core	2	
shoebox	1	kest	ŝuskesto		P6_tail	—	2	rare-anchor
shovels	1	ŝovel	ŝovelo		P6_tail	core	2	
skillfully	1	lert	lerte	cleverly	P6_tail	core	2	
sloppy	1	zorg	malzorga	careless, neglectful, negligent, remiss	P6_tail	core	2	
slurp	1	sorb	laŭtsorbi		P6_tail	core	2	
smooshy	1	mol	premmola		P6_tail	core	2	
smoothness	1	glat	glateco		P6_tail	core	2	
smug	1	kontent	memkontenta	self-content, self-satisfied	P6_tail	core	2	
sneakily	1	kaŝ	kaŝeme	furtively, slyly	P6_tail	core	2	
snowstorm	1	ŝtorm	neĝoŝtormo	blizzard	P6_tail	tail	2	rare-anchor
spacesuit	1	kostum	kosmokostumo		P6_tail	core	2	
spikey	1	pik	pika	nasty, piquant, prickly, pungent	P6_tail	core	2	
squirm	1	tord	tordiĝi	to twist	P6_tail	core	2	
steadily	1	stabil	stabile		P6_tail	core	2	
steamy	1	vapor	vaporplena	damp	P6_tail	core	2	
stretchy	1	elast	elastika		P6_tail	tail	2	rare-anchor
suave	1	ĝentil	elegantĝentila		P6_tail	core	2	
summertime	1	temp	somertempo		P6_tail	core	2	
sunbathe	1	sun	sunumi	to sun, sun oneself, take a sunbath	P6_tail	core	2	
sunburnt	1	brul	sunbruligita		P6_tail	core	2	
swingset	1	ar	balancilaro		P6_tail	core	2	
teary	1	larm	larmoplena		P6_tail	core	2	
thoughtfully	1	pripens	pripenseme	critically, reflectively	P6_tail	core	2	
tingly	1	pik	pikpika		P6_tail	core	2	
tippy	1	stabil	malstabila	unstable	P6_tail	core	2	
tiptoes	1	pint	piedpinte		P6_tail	core	2	
tokens	1	ĵeton	ĵetono	chip, disk, token	P6_tail	core	2	
topping	1	garn	garnaĵo	equipment, accessories, fittings	P6_tail	core	2	
trek	1	marŝ	longmarŝo		P6_tail	core	2	
triumphant	1	triumf	triumfa	triumphal	P6_tail	tail	2	rare-anchor
truthfully	1	ver	vereme		P6_tail	core	2	
tutu	1	jup	baletjupo	ballet skirt	P6_tail	tail	2	rare-anchor
twirly	1	turn	turniĝema		P6_tail	core	2	
unbelievably	1	kred	nekredeble	incredibly	P6_tail	tail	2	rare-anchor
unpleasantly	1	agrabl	malagrable		P6_tail	core	2	
unstuck	1	fiks	malfiksita		P6_tail	core	2	
upside	1	flank	supraflanko		P6_tail	core	2	
vigorously	1	vigl	vigle	vigilantly	P6_tail	core	2	
waggly	1	sving	svingiĝema		P6_tail	core	2	
waggy	1	sving	svingema		P6_tail	core	2	
walkway	1	voj	promenvojo		P6_tail	core	2	
webs	1	arane	araneaĵo	spider web	P6_tail	core	2	
wetsuit	1	kostum	mergokostumo		P6_tail	core	2	
whirling	1	kirl	kirliĝi	to swirl	P6_tail	core	2	
whiteboard	1	tabul	blanktabulo		P6_tail	core	2	
wingbeat	1	bat	flugilbato		P6_tail	core	2	
builder	4	konstru	konstruisto	builder	P6_tail	core	2	
crunch	4	krak	kraki	to bang, clap, crack, snap (noise)	P6_tail	core	2	
hatch	4	kov	kovi	to brood (over), hatch (up), incubate, watch over	P6_tail	core	2	
leap	4	salt	salti	to jump, leap, spring, bounce, bound, vault	P6_tail	core	2	
plug	4	ŝtop	ŝtopilo	buffer, plug, electric plug, stopper	P6_tail	core	2	
stalk	4	kaŝsekv	kaŝsekvi	to pace, stalk, step, stride, tread	P6_tail	core	2	
twitch	4	spasm	spasmeti	twitch	P6_tail	tail	2	rare-anchor
vibrant	4	vigl	vigla	adroit, agile, alert, brisk, keen, lively, nimble, vigilant, watchful	P6_tail	core	2	
aloud	3	laŭt	laŭte	aloud, loudly	P6_tail	core	2	
attendant	3	akompan	akompananto	accompanist, companion	P6_tail	core	2	
bamboo	3	bambu	bambuo	bamboo	P6_tail	tail	2	rare-anchor
checkout	3	kas	kaso	cash box, money box, till, cashier	P6_tail	core	2	
chick	3	kokid	kokido	chick, chicken, fowl, hen	P6_tail	core	2	
cock	3	kok	virkoko	cock, rooster	P6_tail	core	2	
craft	3	metiaĵ	metiaĵo	craftwork	P6_tail	core	2	
insert	3	enmet	enmeti	to insert, put in, put away, stow, deposit, commit, check in	P6_tail	core	2	
lever	3	levil	levilo	crowbar, lever	P6_tail	core	2	
lobby	3	vestibl	vestiblo	entrance hall, lobby, porch, vestibule	P6_tail	tail	2	rare-anchor
prey	3	pred	predo	booty, loot, prey	P6_tail	tail	2	rare-anchor
saddle	3	sel	selo	saddle	P6_tail	core	2	
slam	3	bruferm	brufermi	to bang, slam	P6_tail	core	2	
swell	3	ŝvel	ŝveli	to bloat, swell, inflate, distend, puff	P6_tail	core	2	
tissue	3	naztuk	naztuko	handkerchief, tissue	P6_tail	core	2	
undo	3	malfar	malfari	to unmake, undo	P6_tail	core	2	
unison	3	unison	unisono	unison	P6_tail	core	2	
alien	2	eksterter	eksterterulo	alien, extraterrestrial	P6_tail	core	2	
baffle	2	konfuz	konfuzi	to bewilder, confuse, puzzle, disconcert, perplex, trouble, perturb, unsettle, disturb	P6_tail	core	2	
boar	2	apr	apro	wild boar	P6_tail	core	2	
boarding	2	enir	enirado	boarding	P6_tail	core	2	
breadcrumb	2	paner	panero	bread crumb	P6_tail	core	2	
errand	2	komisi	komisio	commission, appointment, authorization, charge, entrustment, errand, job, mandate, trust	P6_tail	core	2	
gross	2	naŭz	naŭza	abhorrent, abominable, alien, disgusting, nasty, nauseous	P6_tail	extended	2	
hover	2	ŝveb	ŝvebi	to circle, hang, hover, float	P6_tail	tail	2	rare-anchor
marking	2	mark	marko	brand, marker, tag, label	P6_tail	core	2	
prick	2	pik	piki	to bite, jab, pick, pierce, prick, puncture, stab, stick, sting	P6_tail	core	2	
retrieve	2	repren	repreni	to abjure	P6_tail	core	2	
rinse	2	tralav	tralavi	to wash	P6_tail	core	2	
savor	2	ĝu	ĝui	to delight in, enjoy, relish	P6_tail	tail	2	rare-anchor
smear	2	ŝmir	ŝmiri	to anoint, smear, spread, coat, grease, smear	P6_tail	core	2	
swap	2	interŝanĝ	interŝanĝi	to exchange, interchange, invert, swap, barter	P6_tail	core	2	
swollen	2	ŝvel	ŝvelinta	to distend, inflate, swell, swollen	P6_tail	core	2	
tense	2	streĉ	streĉita	flat, straight, strained	P6_tail	core	2	
whir	2	zum	zumado	buzz, hum	P6_tail	core	2	
whisk	2	kirl	kirli	to curl, froth, stir, whip, whirl	P6_tail	core	2	
ajar	1	duonmalferm	duonmalfermita	ajar, discordant	P6_tail	core	2	
bold	1	kuraĝ	kuraĝa	audacious, bold, brave, courageous, valiant, daring, fearless, intrepid	P6_tail	core	2	
choke	1	sufok	sufoki	to choke, quell, suffocate, suppress, smother, stifle strangle, throttle	P6_tail	tail	2	rare-anchor
collage	1	kolaĝ	kolaĝo	collage	P6_tail	tail	2	rare-anchor
corridor	1	koridor	koridoro	corridor, passage, hallway, hall, lane, passageway	P6_tail	tail	2	rare-anchor
detour	1	ĉirkaŭvoj	ĉirkaŭvojo	roundabout way	P6_tail	core	2	
disguise	1	alivest	alivestiĝo	disguise	P6_tail	core	2	
festive	1	fest	festa	festal	P6_tail	core	2	
filling	1	plenigaĵ	plenigaĵo	filling	P6_tail	core	2	
finder	1	trov	trovanto	finder, search command, search engine, search tool, search function	P6_tail	core	2	
fool	1	malsaĝ	malsaĝulo	blockhead, dolt, fool	P6_tail	core	2	
honorary	1	honor	honora	honorary	P6_tail	core	2	
howl	1	hurl	hurli	to howl	P6_tail	extended	2	
injection	1	injekt	injekto	injection	P6_tail	core	2	
joystick	1	stirstang	stirstango	joystick	P6_tail	core	2	
litter	1	rub	rubaĵo	junk	P6_tail	core	2	
machinery	1	maŝinar	maŝinaro	machinery	P6_tail	core	2	
navigate	1	navig	navigi	to navigate	P6_tail	core	2	
operator	1	operator	operatoro	operator	P6_tail	core	2	
performer	1	prezent	prezentanto	introducer, performer, presenter	P6_tail	core	2	
preference	1	prefer	prefero	preference	P6_tail	core	2	
reset	1	restarig	restarigi	to restore	P6_tail	core	2	
rider	1	rajd	rajdanto	cavalier	P6_tail	core	2	
robe	1	rob	robo	dress, gown, robe	P6_tail	core	2	
seize	1	kapt	ekkapti	to clutch, grab, grasp, grip, seize, apprehend, grapple, lay hold of, capture	P6_tail	core	2	
skate	1	sket	sketilo	skate	P6_tail	tail	2	rare-anchor
spine	1	spin	spino	backbone, spine, spinal column	P6_tail	extended	2	
spiral	1	spiral	spiralo	spiral	P6_tail	extended	2	
stuffy	1	sufok	sufoka	airless, oppressive, stifling, sultry, suffocating	P6_tail	tail	2	rare-anchor
suspend	1	pendig	pendigi	to hang, suspend	P6_tail	core	2	
tapestry	1	gobelin	gobelino	tapestry, wall covering, wallpaper	P6_tail	core	2	
thimble	1	fingring	fingringo	thimble	P6_tail	core	2	
tin	1	lad	lado	sheet metal, tin (plate), firmware	P6_tail	core	2	
weaken	1	malfort	malfortigi	to weaken	P6_tail	core	2	
weave	1	teks	teksi	to weave	P6_tail	core	2	
whimper	1	plor	ploreti	to snivel, whimper, whine	P6_tail	core	2	
whirr	1	zum	zumado	buzz, hum	P6_tail	core	2	
wrapper	1	envolv	envolvaĵo	envelope	P6_tail	core	2	
angrily	4	koler	kolere	angrily	P6_tail	core	2	
astonish	4	mirig	mirigi	to astonish, amaze, surprise	P6_tail	core	2	
bakery	4	bakej	bakejo	bakery	P6_tail	core	2	
belonging	4	apartenad	apartenado	belonging	P6_tail	extended	2	
bleed	4	sang	sangi	to bleed	P6_tail	core	2	
bog	4	marĉeg	marĉego	bog	P6_tail	core	2	
bookmark	4	legosign	legosigno	bookmark, favorite (Internet Explorer)	P6_tail	core	2	
bubbly	4	eferversk	eferverska	bubbly	P6_tail	tail	2	rare-anchor
bud	4	ĝerm	ĝermi	to germinate, shoot, bud	P6_tail	core	2	
bushy	4	arbed	arbeda	bushy	P6_tail	tail	2	rare-anchor
caution	4	avert	averti	to alert, caution, (fore)warn	P6_tail	core	2	
chatter	4	klak	klaki	to chatter, clap, click, rattle, flap, slap, smack	P6_tail	core	2	
cheetah	4	gepard	gepardo	cheetah	P6_tail	tail	2	rare-anchor
chilly	4	frisk	friska	chilly	P6_tail	tail	2	rare-anchor
clover	4	trifoli	trifolio	clover, shamrock, trefoil	P6_tail	core	2	
clutch	4	kapt	kapti	to capture, catch, grapple, trap, ensnare, clutch, grasp, grab	P6_tail	core	2	
compass	4	busol	busolo	compass	P6_tail	tail	2	rare-anchor
compliment	4	kompliment	komplimenti	to compliment	P6_tail	core	2	
confusion	4	konfuz	konfuzo	commotion, confusion, muddle	P6_tail	core	2	
cord	4	kabl	kablo	cable, cord	P6_tail	core	2	
cowboy	4	gaŭĉ	gaŭĉo	cowboy, gaucho	P6_tail	tail	2	rare-anchor
disappointment	4	ĉagren	ĉagreno	annoyance, disappointment, grief, chagrin, worry	P6_tail	core	2	
embarrassment	4	embaras	embaraso	abashment, embarrassment, perplexity, difficult situation, quandary, complication, difficulty	P6_tail	core	2	
energetic	4	energi	energia	energetic, strenuous	P6_tail	extended	2	
flop	4	malsukceseg	malsukcesego	failure, flop	P6_tail	core	2	
foal	4	ĉevalid	ĉevalido	colt, foal, filly	P6_tail	core	2	
fondly	4	am	ame	fondly, lovingly	P6_tail	tail	2	rare-anchor
foreshadow	4	aŭgur	aŭguri	to augur, forecast, foretell, prophesy, foreshadow, predict	P6_tail	core	2	
gesture	4	gest	gesti	to gesticulate, gesture	P6_tail	core	2	
grumble	4	grumbl	grumbli	to growl, grumble	P6_tail	core	2	
guardian	4	gardant	gardanto	custodian, guard, guardian, watch, warder, keeper	P6_tail	core	2	
handkerchief	4	poŝtuk	poŝtuko	handkerchief, tissue	P6_tail	tail	2	rare-anchor
hedgehog	4	erinac	erinaco	hedgehog	P6_tail	tail	2	rare-anchor
hind	4	post	posta	hind, hindmost, posterior, ulterior	P6_tail	—	2	rare-anchor
hip	4	koks	kokso	haunch, hip	P6_tail	tail	2	rare-anchor
icicle	4	pendglaci	pendglacio	icicle	P6_tail	core	2	
juggle	4	ĵongl	ĵongli	to conjure, juggle	P6_tail	core	2	
kit	4	komplet	kompleto	outfit, set, suit, kit	P6_tail	core	2	
maid	4	servistin	servistino	maid, servant	P6_tail	core	2	
miracle	4	mirakl	miraklo	miracle	P6_tail	tail	2	rare-anchor
mischievous	4	blag	blaga	humorous, playful, mischievous	P6_tail	tail	2	rare-anchor
overcome	4	venk	venki	to conquer, defeat, win over, overcome, vanquish, subdue	P6_tail	core	2	
overhead	4	aer	aera	aerial, overhead, airborne	P6_tail	core	2	
peak	4	pint	pinto	peak, point, tip, summit, ridge, vertex	P6_tail	core	2	
peep	4	pep	pepi	to chirp, peep, twitter, warble, beep	P6_tail	core	2	
playroom	4	ludĉambr	ludĉambro	playroom	P6_tail	core	2	
pod	4	guŝ	guŝo	husk, pod	P6_tail	tail	2	rare-anchor
polar	4	polar	polara	polar	P6_tail	core	2	
raincoat	4	pluvmantel	pluvmantelo	raincoat	P6_tail	core	2	
rejoice	4	ĝoj	ĝoji	to be glad, enjoy, rejoice	P6_tail	core	2	
roam	4	vag	vagi	to drift, loiter, prowl, ramble, roam, wander, meander, stray	P6_tail	core	2	
robber	4	rabist	rabisto	brigand, highwayman, robber	P6_tail	core	2	
rooster	4	kok	koko	chicken, fowl, cock, rooster	P6_tail	core	1	
ruffle	4	krisp	krispo	frill, ruffle, frilled collar	P6_tail	core	2	
scramble	4	miks	miksi	to blend, mingle, mix, shuffle, scramble	P6_tail	core	2	
scribble	4	skribaĉ	skribaĉi	to scribble, scrawl	P6_tail	core	2	
smash	4	disbat	disbati	to dash to pieces, knock down, smash	P6_tail	core	2	
sob	4	ploreg	ploregi	to bewail, sob, mourn, wail	P6_tail	core	2	
soften	4	mildig	mildigi	to soften, alleviate	P6_tail	core	2	
sprout	4	ŝos	ŝosi	to sprout	P6_tail	tail	2	rare-anchor
squawk	4	kvak	kvako	croak, honk, squawk	P6_tail	core	2	
stern	4	pob	pobo	poop(deck), stern	P6_tail	tail	2	rare-anchor
stormy	4	ŝtorm	ŝtorma	stormy	P6_tail	tail	2	rare-anchor
strum	4	fuŝlud	fuŝludi	to strum	P6_tail	core	2	
swimsuit	4	bankalson	bankalsono	bathing suit, swimming trunks, swimsuit	P6_tail	core	2	
tablecloth	4	tablotuk	tablotuko	tablecloth	P6_tail	core	2	
tempt	4	tent	tenti	to entice, induce, tempt	P6_tail	core	2	
timer	4	horloĝ	horloĝo	clock, watch, timepiece	P6_tail	core	2	
toss	4	sku	skui	to agitate, shake, shock, toss	P6_tail	core	2	
trot	4	trot	troti	to trot	P6_tail	core	2	
underwater	4	subakv	subakva	underwater	P6_tail	core	2	
unkind	4	malafabl	malafabla	blunt, brutal, gruff, harsh, rough, sour, surly, unkind, unpleasant, rude	P6_tail	core	2	
unload	4	deŝarĝ	deŝarĝi	to unload, discharge	P6_tail	tail	2	rare-anchor
unripe	4	nematur	nematura	immature, unripe, not ripe	P6_tail	tail	2	rare-anchor
vanilla	4	vanil	vanilo	vanilla	P6_tail	core	2	
vessel	4	uj	ujo	bin, container, box, vessel	P6_tail	tail	2	rare-anchor
wad	4	bul	bulo	ball, chunk, clod, hunk, lump, wad, bullet	P6_tail	core	2	
wax	4	cir	ciro	polish, wax	P6_tail	core	2	
whiz	4	sibl	siblo	whiz	P6_tail	core	2	
wrist	4	pojn	pojno	wrist	P6_tail	tail	2	rare-anchor
abc	3	aboc	aboco	ABC, alphabet, basics, fundamentals, primer, rudiments	P6_tail	tail	2	rare-anchor
abracadabra	3	abrakadabr	abrakadabro	abracadabra	P6_tail	tail	2	rare-anchor
ache	3	dolor	dolori	to ache, be painful, hurt	P6_tail	core	2	
alongside	3	ŝipflank	ŝipflanke	alongside (a ship)	P6_tail	core	2	
aroma	3	arom	aromo	aroma, flavor, fragrance, smell	P6_tail	core	2	
balanced	3	bilancit	bilancita	balanced	P6_tail	core	2	
bellow	3	muĝ	muĝi	to bellow, howl, roar, low, moo, roar	P6_tail	extended	2	
blade	3	kulm	kulmo	blade, stalk	P6_tail	tail	2	rare-anchor
blast	3	bloveg	blovego	blast	P6_tail	core	2	
bookshelf	3	librobret	librobreto	bookshelf	P6_tail	extended	2	
boost	3	suprenig	suprenigi	to boost	P6_tail	extended	2	
booth	3	bud	budo	barn, shed, stand, stall, hut, booth, cabana, kiosk	P6_tail	core	2	
bridle	3	brid	bridi	to bridle, check, restrain	P6_tail	core	2	
brilliantly	3	bril	brile	brightly, brilliantly	P6_tail	core	2	
burger	3	burger	burgero	burger	P6_tail	core	2	
buzzer	3	zumil	zumilo	buzzer	P6_tail	core	2	
calf	3	sur	suro	calf	P6_tail	—	2	rare-anchor
catcher	3	kaptant	kaptanto	catcher	P6_tail	core	2	
cherish	3	am	ami	to love, cherish	P6_tail	tail	2	rare-anchor
chime	3	sonoret	sonoreti	to chime, clank	P6_tail	core	2	
chunk	3	bul	bulo	ball, chunk, clod, hunk, lump, wad, bullet	P6_tail	core	2	
classmate	3	koleg	kolego	associate, classmate, coworker, colleague, companion, comrade, schoolmate	P6_tail	core	2	
cloudy	3	nub	nuba	cloudy, overcast, gloomy, obscure, unclear	P6_tail	core	2	
coconut	3	kokos	kokoso	coconut	P6_tail	extended	2	
companion	3	koleg	kolego	associate, classmate, coworker, colleague, companion, comrade, schoolmate	P6_tail	core	2	
congratulate	3	gratul	gratuli	to felicitate, congratulate	P6_tail	core	2	
cooperate	3	kunag	kunagi	to cooperate	P6_tail	tail	2	rare-anchor
creak	3	knar	knari	to creak, screech, grate, grind, scratch, squeak, scrape	P6_tail	extended	2	
crouch	3	kaŭr	kaŭri	to cower, crouch, squat, lurk	P6_tail	core	2	
cuddly	3	karesem	karesema	affectionate, caressing, cuddlesome, cuddly	P6_tail	core	2	
dart	3	sag	sagi	to dart	P6_tail	core	2	
dash	3	ireg	iregi	to dash, to rush	P6_tail	tail	2	rare-anchor
dial	3	disk	diski	to dial (telephone)	P6_tail	core	2	
dock	3	dok	doko	dock, dockyard, docking station, cradle	P6_tail	core	2	
encouraging	3	esperig	esperiga	encouraging, hopeful, promising	P6_tail	core	2	
english	3	angl	angla	English	P6_tail	core	2	
faint	3	sven	sveni	to faint, swoon	P6_tail	core	2	
flicker	3	flagr	flagri	to flare, flare up, flicker	P6_tail	core	2	
frosty	3	frost	frosta	freezing, frosty, raw, chilly	P6_tail	core	2	
gallop	3	galop	galopi	to gallop	P6_tail	core	2	
gardener	3	ĝardenist	ĝardenisto	gardener, groundskeeper, landscaper	P6_tail	core	2	
glance	3	ekrigard	ekrigardi	to glance (at)	P6_tail	core	2	
glare	3	brileg	brilego	flare, glare	P6_tail	core	2	
goodness	3	bonec	boneco	excellence, goodness, kindness	P6_tail	core	2	
grasp	3	ten	teno	grasp, grip, hold	P6_tail	core	2	
grip	3	ten	teno	grasp, grip, hold	P6_tail	core	2	
harmony	3	harmoni	harmonio	harmony	P6_tail	core	2	
homeless	3	sendom	sendoma	homeless	P6_tail	core	2	
hoof	3	huf	hufo	hoof	P6_tail	core	2	
hoot	3	hu	hui	to boo, hoot	P6_tail	tail	2	rare-anchor
illuminate	3	lumig	lumigi	to illuminate, light	P6_tail	core	2	
joyful	3	ĝoj	ĝoja	happy, glad, joyful, joyous	P6_tail	core	2	
keen	3	akr	akra	abrasive, acrimonious, acute, lurid, sharp, keen, poignant	P6_tail	core	2	
leafy	3	folriĉ	folriĉa	leafy, rich in leaves	P6_tail	tail	2	rare-anchor
lioness	3	leonin	leonino	lioness	P6_tail	core	2	
loneliness	3	solec	soleco	loneliness, seclusion, solitude	P6_tail	core	2	
maker	3	farint	farinto	maker	P6_tail	core	2	
muster	3	kunvenig	kunvenigi	to muster, take along	P6_tail	core	2	
nuzzle	3	nazum	nazumi	to nuzzle	P6_tail	core	2	
obediently	3	obe	obee	obediently	P6_tail	core	2	
obstacle	3	bar	baro	bar, barrier, impediment, obstacle, obstruction, bound	P6_tail	core	2	
parcel	3	pak	pako	pack, parcel, package	P6_tail	core	2	
persistence	3	senĉesec	senĉeseco	persistence	P6_tail	core	2	
pony	3	pone	poneo	pony	P6_tail	tail	2	rare-anchor
porridge	3	kaĉ	kaĉo	gruel, mess, mush, porridge, puree, slush, hodge-podge	P6_tail	extended	2	
pouch	3	krop	kropo	craw, crop, goiter, gullet, pouch	P6_tail	tail	2	rare-anchor
protector	3	zorgant	zorganto	caretaker, guardian, protector	P6_tail	core	2	
pry	3	rigardet	rigardeti	to peep, pry, take a look at, have a glance at	P6_tail	core	2	
reappear	3	reaper	reaperi	to reappear	P6_tail	core	2	
reflection	3	rebild	rebildo	reflection, reflected image	P6_tail	core	2	
relic	3	relikv	relikvo	relic	P6_tail	core	2	
resume	3	daŭrig	daŭrigi	to continue, carry on, go on, proceed with, perpetuate, resume, continue, prolong	P6_tail	core	2	
riverbank	3	riverbord	riverbordo	riverbank	P6_tail	core	2	
rosy	3	roz	roza	pink, rosy	P6_tail	core	2	
rumor	3	fam	famo	fame, hearsay, renown, repute, rumor, reputation	P6_tail	core	2	
scowl	3	sulkegiĝ	sulkegiĝi	to scowl	P6_tail	core	2	
seahorse	3	hipokamp	hipokampo	seahorse	P6_tail	tail	2	rare-anchor
seesaw	3	baskul	baskulo	seesaw, teeter-totter, lever, toggle, trigger, weighing machine	P6_tail	extended	2	
sensation	3	sent	sento	feel, feeling, sensation, perception, sentiment	P6_tail	core	2	
shortly	3	fru	frue	early, shortly, soon	P6_tail	core	2	
shuffle	3	miks	miksi	to blend, mingle, mix, shuffle, scramble	P6_tail	core	2	
sparrow	3	paser	pasero	sparrow	P6_tail	core	2	
spat	3	gamaŝet	gamaŝeto	spat	P6_tail	extended	2	
squeak	3	knar	knari	to creak, screech, grate, grind, scratch, squeak, scrape	P6_tail	extended	2	
stain	3	makul	makuli	to soil, spot, stain	P6_tail	core	2	
stall	3	bud	budo	barn, shed, stand, stall, hut, booth, cabana, kiosk	P6_tail	core	2	
steer	3	stir	stiri	to drive, fly, steer, control	P6_tail	core	2	
stubbornness	3	obstin	obstino	obstinacy, stubbornness	P6_tail	core	2	
sturdy	3	hard	harda	hardy, sturdy	P6_tail	core	2	
surfboard	3	surftabul	surftabulo	surfboard	P6_tail	tail	2	rare-anchor
teapot	3	teuj	teujo	teapot, tea caddy, tea canister	P6_tail	tail	2	rare-anchor
temptation	3	tent	tento	temptation	P6_tail	core	2	
tournament	3	turnir	turniro	tournament	P6_tail	extended	2	
trusty	3	fidel	fidela	accurate, exact, faithful, loyal, staunch, trusty, trustworthy	P6_tail	core	2	
unicorn	3	unikorn	unikorno	unicorn	P6_tail	core	2	
unwell	3	malsan	malsana	ill, sick, unhealthy, unwell, unwholesome	P6_tail	core	2	
useless	3	van	vana	abortive, futile, useless, vain, fruitless, ineffectual	P6_tail	core	2	
waddle	3	anasir	anasiri	to waddle	P6_tail	tail	2	rare-anchor
wobbly	3	nestarem	nestarema	shaky, rickety, wobbly, loose	P6_tail	core	2	
workshop	3	metiej	metiejo	jobsite, workplace, workshop	P6_tail	core	2	
wrinkle	3	ĉif	ĉifi	to crease, crumble, crumple, rumple, wrinkle	P6_tail	extended	2	
accurately	2	traf	trafe	accurately, appropriately, graphically, relevant, on target, apt, to the point	P6_tail	core	2	
acrobat	2	akrobat	akrobato	acrobat	P6_tail	core	2	
alas	2	bedaŭrind	bedaŭrinde	alas, regrettably, unfortunately	P6_tail	core	2	
amuse	2	amuz	amuzi	to amuse, divert, entertain, unbend, relax	P6_tail	core	2	
anxiously	2	anksi	anksie	anxiously	P6_tail	extended	2	
appetite	2	apetit	apetito	appetite	P6_tail	extended	2	
arch	2	ark	arki	to arch	P6_tail	core	2	
artwork	2	artaĵ	artaĵoj	artwork	P6_tail	core	2	
astound	2	mireg	miregi	to astound, be stupefied	P6_tail	core	2	
awkward	2	plump	plumpa	awkward, lumpish, plump, ungainly	P6_tail	tail	2	rare-anchor
baa	2	be	bei	to baa, bleat	P6_tail	tail	2	rare-anchor
ballerina	2	baletistin	baletistino	ballerina, ballet dancer, ballet girl	P6_tail	core	2	
basin	2	pelv	pelvo	basin, bowl, pelvis	P6_tail	tail	2	rare-anchor
beautifully	2	bel	bele	beautifully	P6_tail	core	2	
bid	2	pet	peti	to ask (for), request, seek, bid, beg	P6_tail	core	2	
binocular	2	duokul	duokula	binocular	P6_tail	extended	2	
blend	2	miks	miksi	to blend, mingle, mix, shuffle, scramble	P6_tail	core	2	
bless	2	ben	beni	to bless	P6_tail	core	2	
blonde	2	blondulin	blondulino	blonde (woman)	P6_tail	core	2	
blossom	2	flor	flori	to bloom, blossom, flower	P6_tail	core	2	
blur	2	malklariĝ	malklariĝi	to blur, fade	P6_tail	core	2	
blush	2	roziĝ	roziĝi	to become rosy, blush	P6_tail	core	2	
boundary	2	lim	limo	bound, boundary, frontier, limit	P6_tail	core	2	
bristle	2	arist	aristo	arista, awn, beard, bristle	P6_tail	tail	2	rare-anchor
bruise	2	bataĵ	bataĵo	black-and-blue mark, bruise	P6_tail	core	2	
bundle	2	fask	fasko	bunch, bundle, cluster, sheaf	P6_tail	tail	2	rare-anchor
buttery	2	buter	butera	buttery, buttered	P6_tail	core	2	
canyon	2	kanjon	kanjono	canyon	P6_tail	extended	2	
carelessly	2	malzorg	malzorge	carelessly	P6_tail	core	2	
carve	2	ĉiz	ĉizi	to carve, chisel	P6_tail	tail	2	rare-anchor
cautious	2	evitem	evitema	cautious, evasive, noncommittal, oblique	P6_tail	core	2	
chainsaw	2	ĉensegil	ĉensegilo	chainsaw	P6_tail	core	2	
chaos	2	kaos	kaoso	chaos, tangle	P6_tail	extended	2	
cheerfully	2	gaj	gaje	cheerfully, happily, gaily	P6_tail	core	2	
chill	2	malvarm	malvarmo	chill, cold	P6_tail	core	2	
christmas	2	kristnask	kristnaska	Christmas, of Christmas, Christmas-time	P6_tail	tail	2	rare-anchor
cinema	2	kin	kino	cinema, cinematography	P6_tail	core	2	
claw	2	krif	krifo	claw, talon	P6_tail	tail	2	rare-anchor
clipper	2	tondist	tondisto	clipper	P6_tail	core	2	
cob	2	maizospadik	maizospadiko	cob	P6_tail	tail	2	rare-anchor
cobra	2	kobr	kobro	cobra	P6_tail	tail	2	rare-anchor
cooperation	2	kooperad	kooperado	cooperation	P6_tail	extended	2	
courageous	2	kuraĝ	kuraĝa	audacious, bold, brave, courageous, valiant, daring, fearless, intrepid	P6_tail	core	2	
courtier	2	kortegan	kortegano	courtier	P6_tail	core	2	
crackle	2	kraket	kraketi	to crackle, pop, snap, rattle (a toy)	P6_tail	core	2	
crocodile	2	krokodil	krokodilo	crocodile	P6_tail	tail	2	rare-anchor
crumble	2	ĉif	ĉifi	to crease, crumble, crumple, rumple, wrinkle	P6_tail	extended	2	
daffodil	2	narcis	narciso	daffodil, narcissus	P6_tail	extended	2	
dandelion	2	leontod	leontodo	dandelion	P6_tail	tail	2	rare-anchor
daydream	2	rev	revi	to dream, daydream, fancy, muse	P6_tail	core	2	
desperately	2	kriz	krize	critically, desperately	P6_tail	tail	2	rare-anchor
disbelief	2	nekredem	nekredemo	disbelief, lack of faith	P6_tail	tail	2	rare-anchor
discourage	2	fortimig	fortimigi	to deter, discourage, scare (away)	P6_tail	extended	2	
disobey	2	malobe	malobei	to disobey	P6_tail	core	2	
drown	2	dron	droni	to drown, sink	P6_tail	core	2	
dryer	2	sekigil	sekigilo	dryer	P6_tail	core	2	
earring	2	orelring	orelringo	earring	P6_tail	core	2	
fascination	2	ensorĉ	ensorĉo	bewitchment, delusion, spell, enchantment, fascination	P6_tail	core	2	
fate	2	fat	fato	destiny, fate, ill fate, fortune	P6_tail	tail	2	rare-anchor
flip	2	renvers	renversi	to overthrow, turn, turn over, overturn, upset, reverse, flip	P6_tail	core	2	
fluff	2	lanug	lanugo	down, fluff, nap	P6_tail	tail	2	rare-anchor
foam	2	ŝaum	ŝaumo	foam, froth	P6_tail	tail	2	rare-anchor
fond	2	am	ama	fond	P6_tail	tail	2	rare-anchor
forehead	2	frunt	frunto	brow, forehead	P6_tail	extended	2	
forgiveness	2	pardon	pardono	absolution, pardon, forgiveness	P6_tail	core	2	
fragrance	2	arom	aromo	aroma, flavor, fragrance, smell	P6_tail	core	2	
fright	2	tim	timo	fear, fright, dread, apprehension	P6_tail	core	2	
frisbee	2	ĵetdisk	ĵetdisko	disc, discus, disk, Frisbee	P6_tail	core	2	
frustration	2	frustr	frustro	frustration	P6_tail	tail	2	rare-anchor
fulfill	2	verig	verigi	to authenticate, verify, meet, satisfy, fulfill	P6_tail	core	2	
gadget	2	akcesoraĵ	akcesoraĵo	accessory, side issue, gadget	P6_tail	extended	2	
generosity	2	sindon	sindono	attachment, devotion, generosity, helpfulness, selflessness, self-sacrifice	P6_tail	core	2	
gigantic	2	gigant	giganta	gigantic, huge, giant	P6_tail	tail	2	rare-anchor
gleam	2	glim	glimi	to gleam	P6_tail	tail	2	rare-anchor
glide	2	glis	glisi	to glide, plane	P6_tail	extended	2	
glossy	2	glace	glacea	glossy	P6_tail	core	2	
golfer	2	golfludant	golfludanto	golfer	P6_tail	core	2	
grease	2	gras	grasi	to grease	P6_tail	core	2	
groan	2	ĝem	ĝemi	to groan, moan	P6_tail	core	2	
gut	2	senintestig	senintestigi	to gut	P6_tail	extended	2	
hairdresser	2	frizist	frizisto	barber, hairdresser, hair stylist	P6_tail	core	2	
heartbeat	2	korbat	korbato	heartbeat	P6_tail	core	2	
hearty	2	kor	kora	cardiac, cordial, hearty, warm	P6_tail	core	2	
heavenly	2	ĉiel	ĉiela	celestial, heavenly	P6_tail	—	2	rare-anchor
hesitation	2	hezit	hezito	hesitation	P6_tail	core	2	
honesty	2	honest	honesto	honesty	P6_tail	core	2	
hurriedly	2	hast	haste	hastily, hurriedly, in a hurry	P6_tail	extended	2	
impatiently	2	malpacienc	malpacience	impatiently	P6_tail	core	2	
inseparable	2	sendisiĝ	sendisiĝa	inseparable	P6_tail	core	2	
insistent	2	insist	insista	emphatic, insistent	P6_tail	core	2	
jingle	2	tint	tinti	to chink, clink, jingle, tinkle	P6_tail	core	2	
lace	2	laĉ	laĉi	to lace	P6_tail	tail	2	rare-anchor
lamb	2	ŝafid	ŝafida	lamb, of lamb	P6_tail	core	2	
learner	2	lernantin	lernantino	learner, student, pupil	P6_tail	core	2	
librarian	2	bibliotekist	bibliotekisto	librarian	P6_tail	core	2	
lightly	2	leĝer	leĝere	lightly	P6_tail	core	2	
lookout	2	gvat	gvato	watch, lookout	P6_tail	core	2	
lovingly	2	am	ame	fondly, lovingly	P6_tail	tail	2	rare-anchor
lullaby	2	lulkant	lulkanto	lullaby	P6_tail	core	2	
mango	2	mang	mango	mango	P6_tail	core	2	
mast	2	mast	masto	mast	P6_tail	core	2	
merry	2	gaj	gaja	cheerful, gay, merry, happy	P6_tail	core	2	
misbehave	2	malbonkondut	malbonkonduti	to misbehave, misconduct	P6_tail	extended	2	
moonlight	2	lunlum	lunlumo	moonlight	P6_tail	tail	2	rare-anchor
mural	2	murpentraĵ	murpentraĵo	mural, mural painting, wall painting	P6_tail	core	2	
murky	2	malhel	malhela	bleak, dark, dismal, dreary, dusky, obscure, somber, murky, dull	P6_tail	core	2	
musty	2	mucid	mucida	foul, moldy, musty	P6_tail	tail	2	rare-anchor
nestle	2	kuŝiĝet	kuŝiĝeti	to nestle	P6_tail	core	2	
nook	2	niĉ	niĉo	niche, nook	P6_tail	tail	2	rare-anchor
oblige	2	devig	devigi	to compel, force, coerce, oblige	P6_tail	core	2	
pad	2	puf	pufo	padding, puff, swelling, stuffing, wad, pad	P6_tail	core	2	
pail	2	sitel	sitelo	bucket, pail	P6_tail	extended	2	
pant	2	anhel	anheli	to be out of breath, pant, hyperventilate	P6_tail	tail	2	rare-anchor
peacefulness	2	trankvil	trankvilo	tranquility, calmness, peacefulness	P6_tail	core	2	
peacock	2	pav	pavo	peacock	P6_tail	tail	2	rare-anchor
persuasive	2	kredig	krediga	convincing, persuasive	P6_tail	core	2	
pickle	2	pekl	pekli	to pickle (in salt)	P6_tail	extended	2	
pity	2	domaĝ	domaĝo	pity, something regrettable	P6_tail	tail	2	rare-anchor
plaster	2	gips	gipsi	to plaster	P6_tail	tail	2	rare-anchor
ponder	2	remaĉ	remaĉi	to chew the cud, ponder, reflect on, ruminate	P6_tail	core	2	
pounce	2	alsalt	alsalti	to pounce	P6_tail	core	2	
prance	2	pranc	pranci	to balk, buck, prance, rear	P6_tail	tail	2	rare-anchor
quicken	2	vivig	vivigi	to animate, invigorate, quicken	P6_tail	core	2	
quiver	2	trem	tremi	to quiver, shiver, tremble, shake, tremble	P6_tail	core	2	
rack	2	rak	rako	rack	P6_tail	extended	2	
reassuringly	2	trankvilig	trankvilige	reassuringly	P6_tail	core	2	
rebuild	2	refar	refari	to redo, remake, regenerate, restore, rebuild	P6_tail	core	2	
receptionist	2	akceptist	akceptisto	receptionist	P6_tail	core	2	
recess	2	paŭz	paŭzo	break, intermission, pause, recess, interval, rest, stop	P6_tail	core	2	
reckless	2	senzorg	senzorga	careless, neglectful, reckless, remiss	P6_tail	core	2	
reflective	2	rebril	rebrila	reflective	P6_tail	core	2	
repairman	2	riparist	riparisto	repairman	P6_tail	core	2	
responsibly	2	respondec	respondece	responsibly	P6_tail	core	2	
ritual	2	rit	rita	ritual, ritualistic	P6_tail	core	2	
rotten	2	aĉ	aĉa	lousy, rotten, poor in quality, ugly, wretched, no good	P6_tail	tail	2	rare-anchor
scenery	2	pejzaĝ	pejzaĝo	landscape, scenery	P6_tail	extended	2	
scratchy	2	gratec	grateca	scratchy	P6_tail	core	2	
sensor	2	sensil	sensilo	pickup, sensing device, sensor, transducer	P6_tail	core	2	
shady	2	ombr	ombra	shaded, shadowy, shady	P6_tail	core	2	
shortcut	2	irmallongig	irmallongigo	shortcut	P6_tail	tail	2	rare-anchor
sill	2	sojl	sojlo	sill, threshold	P6_tail	tail	2	rare-anchor
siren	2	siren	sireno	mermaid, siren	P6_tail	tail	2	rare-anchor
sleeve	2	manik	maniko	sleeve	P6_tail	extended	2	
smoothly	2	glat	glate	smoothly, sleekly	P6_tail	core	2	
snore	2	ronk	ronki	to snore	P6_tail	core	2	
snort	2	ekronk	ekronki	to snort	P6_tail	core	2	
softness	2	molec	moleco	mellowness, softness, tenderness	P6_tail	core	2	
soothe	2	konsol	konsoli	to cheer, comfort, console, soothe, solace	P6_tail	core	2	
souvenir	2	memoraĵ	memoraĵo	keepsake, memento, souvenir, memorial	P6_tail	core	2	
spank	2	manbat	manbati	to spank	P6_tail	core	2	
speechless	2	mut	muta	dumb, mute, speechless, silent	P6_tail	core	2	
squabble	2	disputaĉ	disputaĉi	to squabble, wrangle	P6_tail	core	2	
stool	2	benket	benketo	small bench, stool	P6_tail	core	2	
strap	2	ligil	ligilo	band, strap, bond, tie, leash, tether, linker, link (WWW)	P6_tail	core	2	
strut	2	pav	pavi	to show off, strut, swagger	P6_tail	tail	2	rare-anchor
stutter	2	balbut	balbuti	to falter, stammer, stutter	P6_tail	core	2	
suspicious	2	malfid	malfida	suspicious	P6_tail	core	2	
swallow	2	glut	gluti	to swallow	P6_tail	core	2	
sweat	2	ŝvit	ŝviti	to perspire, sweat	P6_tail	core	2	
sweaty	2	ŝvit	ŝvita	sweaty	P6_tail	core	2	
swimmer	2	naĝant	naĝanto	swimmer	P6_tail	core	2	
tar	2	gudr	gudri	to tar	P6_tail	tail	2	rare-anchor
tentacle	2	tentakl	tentaklo	tentacle	P6_tail	tail	2	rare-anchor
terribly	2	terur	terure	awfully, frightful, terribly	P6_tail	core	2	
thankfully	2	dank	danke	thankfully	P6_tail	core	2	
thoughtfulness	2	antaŭzorg	antaŭzorgo	foresight, forethought, preservation, thoughtfulness, providence, precaution	P6_tail	core	2	
tighten	2	string	stringi	to hug, squeeze, tighten, draw, constrict	P6_tail	tail	2	rare-anchor
tilt	2	klin	klini	to bend, incline, tilt, lean, slope, tilt	P6_tail	core	2	
timid	2	timem	timema	afraid, timid, faint hearted, timid	P6_tail	core	2	
tirelessly	2	senlac	senlace	tirelessly, untiringly	P6_tail	core	2	
toolbox	2	ilkest	ilkesto	toolbox	P6_tail	tail	2	rare-anchor
trading	2	negocad	negocado	negotiation, trading	P6_tail	core	2	
trim	2	garn	garni	to decorate, embellish, equip, fit out, furnish, garnish, trim, reinforce, strengthen, adorn	P6_tail	core	2	
trustworthy	2	fidel	fidela	accurate, exact, faithful, loyal, staunch, trusty, trustworthy	P6_tail	core	2	
ungrateful	2	nedank	nedanka	ungrateful	P6_tail	core	2	
unroll	2	malrul	malruli	to unroll	P6_tail	core	2	
unwanted	2	nedezirat	nedezirata	unwanted, unsolicited	P6_tail	tail	2	rare-anchor
unwrap	2	elvolviĝ	elvolviĝi	to expound, open, unwind, unwrap	P6_tail	core	2	
victorious	2	venkint	venkinta	victorious	P6_tail	core	2	
waggle	2	sving	svingo	wag, waggle, wave	P6_tail	core	2	
watchful	2	vigl	vigla	adroit, agile, alert, brisk, keen, lively, nimble, vigilant, watchful	P6_tail	core	2	
waterfall	2	kaskad	kaskado	cascade, waterfall	P6_tail	extended	2	
webcam	2	retkamera	retkamerao	webcam	P6_tail	extended	2	
weightless	2	senpez	senpeza	weightless	P6_tail	core	2	
whilst	2	dum	dum	during, while, for, whereas, whilst	P6_tail	—	2	rare-anchor
whine	2	bleket	bleketi	to squeak, purr, whine	P6_tail	core	2	
whirlpool	2	akvokirl	akvokirlo	whirlpool	P6_tail	extended	2	
whispering	2	flustr	flustra	whispering	P6_tail	extended	2	
wisely	2	saĝ	saĝe	with wisdom, wisely	P6_tail	core	2	
woodpecker	2	peg	pego	woodpecker	P6_tail	tail	2	rare-anchor
abide	1	atend	atendi	to abide, expect, wait (for), await	P6_tail	core	2	
aboard	1	enbus	enbuse	aboard	P6_tail	extended	2	
achy	1	dolorec	doloreca	achy	P6_tail	core	2	
admiringly	1	admir	admire	admiringly	P6_tail	core	2	
adventuresome	1	riskoplen	riskoplena	adventuresome, risky	P6_tail	core	2	
afloat	1	naĝ	naĝe	afloat	P6_tail	core	2	
allowance	1	eblig	ebligo	allowance	P6_tail	core	2	
alphabet	1	aboc	aboco	ABC, alphabet, basics, fundamentals, primer, rudiments	P6_tail	tail	2	rare-anchor
amazingly	1	mir	mire	amazingly, astonishingly	P6_tail	core	2	
amiss	1	mis	misa	faulty, incorrect, amiss	P6_tail	core	2	
ancestor	1	atav	atavo	ancestor	P6_tail	tail	2	rare-anchor
antic	1	klaŭnaĵ	klaŭnaĵo	antic	P6_tail	extended	2	
apology	1	ekskuz	ekskuzo	apology	P6_tail	core	2	
applause	1	aplaŭdoad	aplaŭdoado	applause	P6_tail	tail	2	rare-anchor
appreciative	1	aplaŭdem	aplaŭdema	appreciative	P6_tail	core	2	
aquarium	1	akvari	akvario	aquarium	P6_tail	core	2	
archer	1	arkist	arkisto	archer, bowman	P6_tail	core	2	
archery	1	arkopaf	arkopafo	archery	P6_tail	core	2	
arctic	1	arkt	arkta	arctic	P6_tail	extended	2	
assemble	1	munt	munti	to assemble, link, mount, set, build	P6_tail	core	2	
assure	1	asekur	asekuri	to assure, insure, underwrite	P6_tail	core	2	
automobile	1	aŭt	aŭto	automobile, car	P6_tail	core	2	
autumn	1	aŭtun	aŭtuna	autumn	P6_tail	extended	1	
await	1	atend	atendi	to abide, expect, wait (for), await	P6_tail	core	2	
babysitter	1	vartantin	vartantino	babysitter	P6_tail	core	2	
bail	1	bejl	bejlo	bail	P6_tail	tail	2	rare-anchor
bait	1	log	logo	allurement, bait, enticement; log	P6_tail	core	2	
barnyard	1	farmkort	farmkorto	barnyard	P6_tail	core	2	
bearable	1	tolerebl	tolerebla	bearable, tolerable	P6_tail	core	2	
behold	1	j	jen	behold, here is, here are, look, there	P6_tail	—	2	rare-anchor
beneficial	1	bonfar	bonfara	beneficent, beneficial, charitable, humanitarian, welfare	P6_tail	core	2	
bicker	1	disput	disputi	to argue, dispute, bicker, contest, wrangle, contend	P6_tail	core	2	
biscuit	1	keks	kekso	biscuit, cookie	P6_tail	tail	2	rare-anchor
blackbird	1	merl	merlo	blackbird	P6_tail	tail	2	rare-anchor
blessing	1	ben	beno	benediction, blessing, boon	P6_tail	core	2	
boastful	1	vantem	vantema	boastful, bragging	P6_tail	core	2	
boredom	1	enu	enuo	annoyance, boredom, worry, weariness	P6_tail	core	2	
bouquet	1	buked	bukedo	bunch, bouquet	P6_tail	tail	2	rare-anchor
brag	1	bluf	blufi	to bluff, brag	P6_tail	core	2	
brass	1	latun	latuna	brass	P6_tail	tail	2	rare-anchor
bray	1	ia	iai	to bray	P6_tail	—	2	rare-anchor
breakthrough	1	avanceg	avancego	breakthrough	P6_tail	core	2	
brew	1	bras	brasi	to brew	P6_tail	tail	2	rare-anchor
brigade	1	brigad	brigado	brigade	P6_tail	core	2	
broomstick	1	balailstang	balailstango	broomstick	P6_tail	tail	2	rare-anchor
brownish	1	brunet	bruneta	brownish	P6_tail	core	2	
browse	1	foli	folii	to browse, leaf through, page through	P6_tail	core	2	
buck	1	baŭm	baŭmi	to buck (as a horse)	P6_tail	tail	2	rare-anchor
burp	1	rukt	rukti	to belch, burp	P6_tail	tail	2	rare-anchor
cackle	1	gak	gaki	to cackle	P6_tail	tail	2	rare-anchor
calmness	1	flegm	flegmo	apathy, indifference, phlegm, stolidity, composure, calmness	P6_tail	core	2	
camper	1	domaŭt	domaŭto	camper (vehicle)	P6_tail	core	2	
canoe	1	kanu	kanuo	canoe	P6_tail	extended	2	
caramel	1	karamel	karamelo	caramel	P6_tail	core	2	
caretaker	1	zorgant	zorganto	caretaker, guardian, protector	P6_tail	core	2	
char	1	brulet	bruleti	to char, scorch, smolder, singe	P6_tail	core	2	
chin	1	menton	mentono	chin	P6_tail	tail	2	rare-anchor
chord	1	akord	akordo	accord, accordance, agreement, chord, concord, concurrence, concurrency, consonance	P6_tail	core	2	
chorus	1	ĥor	ĥoro	chorus, choir	P6_tail	core	2	
churn	1	buterig	buterigi	to churn	P6_tail	core	2	
clam	1	lamelibranki	lamelibrankio	clam	P6_tail	tail	2	rare-anchor
clamber	1	suprenramp	suprenrampi	to clamber, climb, scramble up	P6_tail	core	2	
cleverly	1	lert	lerte	cleverly	P6_tail	core	2	
clink	1	tint	tinti	to chink, clink, jingle, tinkle	P6_tail	core	2	
clip	1	klip	klipo	clasp, clip	P6_tail	tail	2	rare-anchor
clothesline	1	pendigŝnur	pendigŝnuro	clothesline	P6_tail	tail	2	rare-anchor
cloudless	1	sennub	sennuba	cloudless	P6_tail	core	2	
clumsily	1	fuŝ	fuŝe	clumsily, ineptly	P6_tail	core	2	
cocoon	1	kokon	kokono	cocoon	P6_tail	core	2	
coil	1	boben	bobeno	bobbin, coil, reel, spool, choke, inductor, reactor	P6_tail	core	2	
collaboration	1	kunlabor	kunlaboro	collaboration	P6_tail	core	2	
colony	1	koloni	kolonio	colony, settlement	P6_tail	core	2	
commotion	1	agit	agito	agitation, commotion, disturbance, excitement, flutter, turmoil	P6_tail	core	2	
compartment	1	fak	fako	area of expertise, branch, compartment, department, section, specialty, subject, discipline	P6_tail	core	2	
compromise	1	kompromit	kompromiti	to compromise, endanger, imperil, jeopardize, prejudice	P6_tail	extended	2	
conductor	1	kondukant	kondukanto	conductor, leader	P6_tail	core	2	
congratulation	1	gratul	gratulo	congratulation	P6_tail	core	2	
considerate	1	pripensem	pripensema	circumspect, considerate, critical, reflective, thoughtful	P6_tail	core	2	
console	1	konsol	konsoli	to cheer, comfort, console, soothe, solace	P6_tail	core	2	
contagious	1	infekt	infekta	catching, contagious, infectious	P6_tail	core	2	
coop	1	kaĝeg	kaĝego	coop	P6_tail	core	2	
courageously	1	kuraĝ	kuraĝe	courageously	P6_tail	core	2	
courteous	1	ĝentil	ĝentila	polite, gentle, civil, courteous, well-mannered, polished, refined	P6_tail	core	2	
courtyard	1	kort	korto	court, yard, courtyard, enclosed area, quadrangle	P6_tail	core	2	
cruelly	1	kruel	kruele	cruelly	P6_tail	core	2	
crumple	1	ĉif	ĉifi	to crease, crumble, crumple, rumple, wrinkle	P6_tail	extended	2	
crush	1	pist	pisti	to crush, pound, grind	P6_tail	core	2	
cub	1	leonid	leonido	cub (of lion)	P6_tail	core	2	
cucumber	1	kukum	kukumo	cucumber	P6_tail	core	1	
culprit	1	kulpul	kulpulo	culprit, delinquent	P6_tail	core	2	
cutter	1	kutr	kutro	cutter	P6_tail	tail	2	rare-anchor
damp	1	humid	humida	damp, humid, moist	P6_tail	core	2	
dangle	1	pendet	pendeti	to dangle	P6_tail	core	2	
deed	1	akt	akto	act, certificate, diploma, (legal) document, deed	P6_tail	core	2	
delicately	1	delikat	delikate	delicately	P6_tail	core	2	
delightful	1	rav	rava	delightful, lovely, exquisite, ravishing	P6_tail	core	2	
descend	1	malleviĝ	malleviĝi	to descend, go down	P6_tail	core	2	
destruction	1	pere	pereo	destruction, doom, downfall, fall, perdition, ruin, wreck	P6_tail	core	2	
disagreement	1	diskord	diskordo	disagreement, discord, dissension	P6_tail	core	2	
discomfort	1	malkomfort	malkomforto	discomfort	P6_tail	core	2	
disintegrate	1	disig	disigi	to disband, disconnect, disintegrate, divide, separate, disunite, sever, delimit	P6_tail	core	2	
disobedient	1	malobe	malobea	disobedient, insubordinate	P6_tail	core	2	
disrespectful	1	nerespekt	nerespekta	disrespectful	P6_tail	core	2	
disrupt	1	disromp	disrompi	to break off, smash, disrupt	P6_tail	core	2	
distract	1	distr	distri	to amuse, distract, divert, entertain, unbend, relax	P6_tail	core	2	
distressed	1	angor	angora	distressed, oppressing	P6_tail	core	2	
ditch	1	fos	foso	ditch	P6_tail	core	2	
dizziness	1	vertiĝ	vertiĝo	dizziness, vertigo	P6_tail	extended	2	
doe	1	cervin	cervino	doe, hind	P6_tail	core	2	
doom	1	pere	pereo	destruction, doom, downfall, fall, perdition, ruin, wreck	P6_tail	core	2	
doormat	1	pordomat	pordomato	doormat	P6_tail	core	2	
doughnut	1	benjet	benjeto	doughnut	P6_tail	tail	2	rare-anchor
downstream	1	kunflu	kunflue	downstream	P6_tail	extended	2	
dreamland	1	revland	revlando	dreamland	P6_tail	core	2	
drench	1	akvum	akvumi	to flush, drench, irrigate, water, rinse	P6_tail	core	2	
drill	1	bor	bori	to bore, drill	P6_tail	core	2	
droop	1	pend	pendi	to droop, hang	P6_tail	core	2	
drummer	1	drumist	drumisto	drummer	P6_tail	extended	2	
easel	1	stabl	stablo	bench, easel, workbench, support, stand	P6_tail	tail	2	rare-anchor
ecstatic	1	ekstaz	ekstaza	ecstatic	P6_tail	tail	2	rare-anchor
eerie	1	tremig	tremiga	eerie, grisly, gruesome, macabre	P6_tail	core	2	
elbow	1	kubut	kubuto	elbow	P6_tail	extended	2	
elegant	1	elegant	eleganta	elegant, smart	P6_tail	core	2	
embarrass	1	embaras	embarasi	to embarrass, encumber, hamper, perplex, inconvenience, hinder, impede	P6_tail	core	2	
embrace	1	brakum	brakumi	to embrace, hug	P6_tail	core	2	
empower	1	povig	povigi	to empower	P6_tail	core	2	
enchant	1	rav	ravi	to delight, enchant, enrapture	P6_tail	core	2	
enclosure	1	enmetaĵ	enmetaĵo	enclosure	P6_tail	core	2	
encouragement	1	kuraĝig	kuraĝigo	encouragement	P6_tail	core	2	
endless	1	etern	eterna	endless, eternal, everlasting, perpetual, never-ending	P6_tail	extended	2	
endlessly	1	senfin	senfine	ad infinitum, endlessly	P6_tail	core	2	
enthusiastically	1	entuziasm	entuziasme	eagerly, enthusiastically	P6_tail	core	2	
etc	1	k.t.p.	k.t.p.	(kaj tiel plu) et cetera, etc.	P6_tail	—	2	rare-anchor
exception	1	escept	escepto	exception, exclusion	P6_tail	core	2	
excessive	1	tro	troa	excessive, undue	P6_tail	—	2	rare-anchor
excite	1	incit	inciti	to abet, excite, incite, provoke, rouse, stimulate, stir up, irritate	P6_tail	core	2	
extravagance	1	malŝpar	malŝparo	dissipation, extravagance, waste	P6_tail	core	2	
eyebrow	1	brov	brovo	brow, eyebrow	P6_tail	tail	2	rare-anchor
fawn	1	cervid	cervido	fawn	P6_tail	core	2	
fearless	1	kuraĝ	kuraĝa	audacious, bold, brave, courageous, valiant, daring, fearless, intrepid	P6_tail	core	2	
fidget	1	movadiĝ	movadiĝi	to fidget	P6_tail	core	2	
fighter	1	luktant	luktanto	fighter, wrestler	P6_tail	core	2	
firewood	1	hejtlign	hejtligno	firewood	P6_tail	extended	2	
flee	1	fuĝ	fuĝi	to flee, run away	P6_tail	core	2	
fleeting	1	nedaŭr	nedaŭra	fleeting, temporary, brief, transitory, provisional, transient	P6_tail	tail	2	rare-anchor
flex	1	fleks	fleksi	to bend, flex, inflect	P6_tail	core	2	
flier	1	flugist	flugisto	flier	P6_tail	core	2	
flit	1	flirt	flirti	to flirt, flit, flutter	P6_tail	core	2	
flowerpot	1	florpot	florpoto	flowerpot	P6_tail	core	2	
fondness	1	amec	ameco	fondness, tenderness	P6_tail	tail	2	rare-anchor
foolishness	1	malsaĝ	malsaĝo	foolishness	P6_tail	core	2	
forgetful	1	forges	forgesa	forgetful, oblivious	P6_tail	core	2	
fortress	1	fortres	fortreso	fortress	P6_tail	tail	2	rare-anchor
fortunate	1	feliĉ	feliĉa	fortunate, happy, lucky	P6_tail	core	2	
freely	1	liber	libere	freely	P6_tail	core	2	
freshly	1	freŝ	freŝe	freshly	P6_tail	core	2	
fumble	1	fuŝpalp	fuŝpalpi	to fumble, touch, grope	P6_tail	core	2	
funeral	1	enterig	enterigo	burial, funeral, interment	P6_tail	extended	2	
galore	1	sufiĉeg	sufiĉege	galore, aplenty, in abundance	P6_tail	core	2	
genius	1	geni	genio	genius	P6_tail	extended	2	
glacier	1	glaĉer	glaĉero	glacier	P6_tail	tail	2	rare-anchor
gliding	1	glisad	glisado	glide, gliding, hovering	P6_tail	extended	2	
glimpse	1	ekvid	ekvido	glimpse	P6_tail	core	2	
gloom	1	malgaj	malgajo	gloom (sadness)	P6_tail	core	2	
gown	1	rob	robo	dress, gown, robe	P6_tail	core	2	
gratefully	1	dankem	dankeme	gratefully, thankfully	P6_tail	core	2	
gruff	1	malafabl	malafabla	blunt, brutal, gruff, harsh, rough, sour, surly, unkind, unpleasant, rude	P6_tail	core	2	
guffaw	1	rideg	ridego	guffaw	P6_tail	core	2	
guilt	1	kulp	kulpo	fault, offense, guilt, failing	P6_tail	core	2	
guiltily	1	kulposent	kulposente	guiltily, with feelings of guilt	P6_tail	core	2	
gunshot	1	pafilpaf	pafilpafo	gunshot	P6_tail	tail	2	rare-anchor
halfway	1	mezvoj	mezvoje	halfway	P6_tail	core	2	
hamburger	1	hamburgr	hamburgro	hamburger	P6_tail	tail	2	rare-anchor
harness	1	jung	jungi	to harness, yoke	P6_tail	core	2	
heap	1	mas	maso	lump, mass, pile, heap	P6_tail	core	2	
heater	1	hejtil	hejtilo	heater	P6_tail	core	2	
hesitantly	1	balbut	balbute	falteringly, haltingly, hesitantly	P6_tail	core	2	
hippos	1	hipopotamed	hipopotamedoj	hippos	P6_tail	tail	2	rare-anchor
hoist	1	his	hisi	to hoist, hoist up, run up, wind up	P6_tail	core	2	
honestly	1	honest	honeste	honestly, uprightly	P6_tail	core	2	
honeycomb	1	ĉelar	ĉelaro	honeycomb	P6_tail	core	2	
hopefully	1	esperebl	espereble	hopefully	P6_tail	core	2	
humbly	1	humil	humile	humbly	P6_tail	core	2	
iceberg	1	glacmont	glacmonto	iceberg	P6_tail	core	2	
identical	1	ident	identa	identical	P6_tail	core	2	
ignition	1	sparkad	sparkado	ignition	P6_tail	core	2	
ignorance	1	nesci	nescio	ignorance	P6_tail	tail	2	rare-anchor
imaginable	1	imagebl	imagebla	imaginable	P6_tail	core	2	
imaginative	1	imagem	imagema	imaginative	P6_tail	core	2	
impatience	1	malpacienc	malpacienco	impatience	P6_tail	core	2	
independently	1	memstar	memstare	independently, self-assuredly	P6_tail	core	2	
inevitable	1	fatal	fatala	fated, fateful, ill-fated, inevitable, ruinous	P6_tail	core	2	
infect	1	infekt	infekti	to infect	P6_tail	core	2	
infectious	1	infekt	infekta	catching, contagious, infectious	P6_tail	core	2	
inquire	1	enket	enketi	to inquire, investigate, make an inquiry, survey	P6_tail	extended	2	
inscribe	1	enskrib	enskribi	to enter, inscribe, register	P6_tail	extended	2	
inspection	1	inspek	inspeko	inspection	P6_tail	core	2	
instant	1	moment	momento	instant, moment	P6_tail	core	2	
instinctively	1	instinkt	instinkte	instinctively	P6_tail	tail	2	rare-anchor
intensely	1	intens	intense	intensely	P6_tail	core	2	
intruder	1	trudul	trudulo	interloper, intruder	P6_tail	core	2	
jaw	1	makzel	makzelo	jaw, jawbone	P6_tail	tail	2	rare-anchor
jealousy	1	ĵaluz	ĵaluzo	jealousy	P6_tail	tail	2	rare-anchor
jig	1	ĝig	ĝigo	jig	P6_tail	tail	2	rare-anchor
jigsaw	1	arabeskosegil	arabeskosegilo	jigsaw	P6_tail	tail	2	rare-anchor
joyous	1	ĝoj	ĝoja	happy, glad, joyful, joyous	P6_tail	core	2	
jumble	1	fatras	fatraso	jumble, junk, trash	P6_tail	tail	2	rare-anchor
keepsake	1	memoraĵ	memoraĵo	keepsake, memento, souvenir, memorial	P6_tail	core	2	
kernel	1	kern	kerno	core, kernel, nucleus, pit, stone	P6_tail	core	2	
keyhole	1	ŝlosiltru	ŝlosiltruo	keyhole	P6_tail	core	2	
lavish	1	prodig	prodigi	to lavish, squander	P6_tail	core	2	
lifetime	1	dumviv	dumvivo	lifetime	P6_tail	core	2	
lipstick	1	ruĵ	ruĵo	lipstick	P6_tail	tail	2	rare-anchor
loaf	1	pan	pano	bread, loaf	P6_tail	core	2	
longing	1	sopir	sopira	longing	P6_tail	core	2	
loudness	1	laŭtec	laŭteco	loudness	P6_tail	core	2	
loudspeaker	1	laŭtparolil	laŭtparolilo	loudspeaker, speaker	P6_tail	core	2	
lounge	1	pasum	pasumi	to dawdle, lounge, lounge about, stroll	P6_tail	core	2	
lovable	1	amebl	amebla	lovable	P6_tail	tail	2	rare-anchor
loyalty	1	fidelec	fideleco	adherence, allegiance, fealty, fidelity, loyalty	P6_tail	core	2	
lump	1	bul	bulo	ball, chunk, clod, hunk, lump, wad, bullet	P6_tail	core	2	
lurk	1	kaŭr	kaŭri	to cower, crouch, squat, lurk	P6_tail	core	2	
luxurious	1	luks	luksa	deluxe, luxurious, sumptuous	P6_tail	core	2	
madder	1	rubi	rubio	madder	P6_tail	tail	2	rare-anchor
magnificent	1	beleg	belega	exquisite, gorgeous, lovely, magnificent, splendid	P6_tail	core	2	
magnify	1	pligrandig	pligrandigi	to aggrandize, augment, enlarge, increase, magnify	P6_tail	core	2	
magpie	1	pig	pigo	magpie, pica	P6_tail	tail	2	rare-anchor
majestic	1	majest	majesta	majestic	P6_tail	extended	2	
mandala	1	mandal	mandalo	mandala	P6_tail	tail	2	rare-anchor
marketplace	1	foirej	foirejo	fairground, marketplace	P6_tail	extended	2	
meander	1	vag	vagi	to drift, loiter, prowl, ramble, roam, wander, meander, stray	P6_tail	core	2	
melodious	1	melodi	melodia	melodic, melodious, tuneful	P6_tail	tail	2	rare-anchor
mend	1	flik	fliki	to darn, mend, patch (up)	P6_tail	core	2	
mew	1	miaŭ	miaŭi	to meow, mew	P6_tail	tail	2	rare-anchor
microwave	1	mikroond	mikroonda	microwave	P6_tail	tail	2	rare-anchor
mindful	1	zorg	zorga	careful, mindful, regardful	P6_tail	core	2	
miraculously	1	mirakl	mirakle	miraculously	P6_tail	tail	2	rare-anchor
misery	1	mizer	mizero	misery, wretchedness	P6_tail	core	2	
moan	1	ĝem	ĝemi	to groan, moan	P6_tail	core	2	
moat	1	fosaĵ	fosaĵo	excavation, hole, ditch, pit, moat, trench	P6_tail	core	2	
mock	1	mok	moki	to mock, deride, jeer at, poke fun at, ridicule, taunt	P6_tail	core	2	
modesty	1	pudor	pudoro	chaste behavior, modesty, sense of decency	P6_tail	extended	2	
mold	1	ŝim	ŝimo	mildew, mold	P6_tail	extended	2	
motionless	1	senmov	senmova	immobile, inert, motionless, stagnant, stationary, still, motionless	P6_tail	core	2	
mound	1	dig	digo	dam, dike, embankment, jetty, mound	P6_tail	tail	2	rare-anchor
mountainside	1	montflank	montflanko	mountainside	P6_tail	core	2	
mourn	1	funebr	funebri	to bewail, mourn, grieve, weep	P6_tail	core	2	
mover	1	mebloportist	mebloportisto	(re)mover	P6_tail	core	2	
mumble	1	balbutad	balbutado	mumble, gibberish	P6_tail	core	2	
mutter	1	murmur	murmuri	to murmur, mutter	P6_tail	core	2	
neglect	1	nefar	nefari	to fail, neglect, omit	P6_tail	extended	2	
nephew	1	nev	nevo	nephew	P6_tail	core	2	
newly	1	nov	nove	newly	P6_tail	core	2	
nickname	1	alnom	alnomo	alias, nickname, surname	P6_tail	core	2	
niece	1	nevin	nevino	niece	P6_tail	core	2	
nonsense	1	blag	blago	joke, nonsense	P6_tail	tail	2	rare-anchor
nudge	1	ekpuŝ	ekpuŝi	to jog, nudge	P6_tail	core	2	
oar	1	remil	remilo	oar	P6_tail	core	2	
obedience	1	obe	obeo	obedience	P6_tail	core	2	
observant	1	observem	observema	observant	P6_tail	core	2	
odor	1	odor	odoro	odor, scent, smell	P6_tail	core	2	
offering	1	alport	alporto	offering	P6_tail	core	2	
officially	1	laŭofic	laŭofice	officially	P6_tail	core	2	
optimistic	1	optimism	optimisma	optimistic	P6_tail	core	2	
ounce	1	unc	unco	ounce	P6_tail	tail	2	rare-anchor
outrun	1	preterkur	preterkuri	to outrun, outstrip	P6_tail	core	2	
outsider	1	eksterul	eksterulo	outsider	P6_tail	core	2	
outsmart	1	superruz	superruzi	to outsmart, outwit	P6_tail	core	2	
overhear	1	subaŭd	subaŭdi	to overhear	P6_tail	core	2	
overnight	1	tranokt	tranokta	overnight	P6_tail	core	2	
overwhelm	1	subig	subigi	to subdue, overwhelm, subjugate, subject	P6_tail	core	2	
packet	1	paket	paketo	packet, parcel	P6_tail	core	2	
pal	1	kamarad	kamarado	buddy, companion, comrade, pal, mate, chum	P6_tail	core	2	
par	1	alpar	alparo	face value, nominal value, parity, par	P6_tail	core	2	
parachute	1	paraŝut	paraŝuta	airborne, parachute	P6_tail	core	2	
paradise	1	eden	edeno	paradise	P6_tail	tail	2	rare-anchor
parlor	1	salon	salono	drawing room, living room, parlor, salon, sitting room	P6_tail	core	2	
passageway	1	pasej	pasejo	gate, gangway, passage, passageway	P6_tail	core	2	
pathway	1	voj	vojo	course, passage, path, pathway, road, route, way	P6_tail	core	2	
patter	1	gutet	guteti	to drip, leak, patter, trickle, exude	P6_tail	core	2	
peat	1	torf	torfo	peat, turf	P6_tail	extended	2	
perfection	1	perfektec	perfekteco	perfection	P6_tail	core	2	
petrify	1	ŝtonig	ŝtonigi	to petrify (something), make something into stone	P6_tail	core	2	
pew	1	preĝbenk	preĝbenko	pew	P6_tail	core	2	
pip	1	pips	pipso	pip (disease in birds)	P6_tail	tail	2	rare-anchor
plea	1	pled	pledi	to appeal, plea, plead	P6_tail	extended	2	
plump	1	dik	dika	thick, corpulent, fat, stout, plump, bold (font)	P6_tail	core	2	
plush	1	pluŝ	pluŝo	plush	P6_tail	tail	2	rare-anchor
politeness	1	ĝentilec	ĝentileco	civility, courtesy, politeness	P6_tail	core	2	
pollen	1	polen	poleno	pollen	P6_tail	core	2	
pollute	1	polu	polui	to pollute	P6_tail	core	2	
portion	1	on	ono	portion, fraction, fragment, share, digit	P6_tail	tail	2	rare-anchor
postman	1	poŝtist	poŝtisto	mail carrier, postal worker, mailman, postman	P6_tail	core	2	
powerless	1	senpov	senpova	powerless, impotent	P6_tail	core	2	
precise	1	net	neta	cleanly cut, neat, precise, net (weight, etc.), distinct	P6_tail	core	2	
promotion	1	varbad	varbado	campaigning, enrolment, promotion, recruitment	P6_tail	core	2	
puck	1	hokedisk	hokedisko	puck	P6_tail	core	2	
puffy	1	puf	pufa	puffed, puffy, stuffed	P6_tail	core	2	
pump	1	pump	pumpi	to pump	P6_tail	core	2	
punch	1	tru	trui	to perforate, punch, puncture, make a hole in	P6_tail	core	2	
quest	1	serĉ	serĉo	lookup, search, seek, quest	P6_tail	core	2	
racket	1	brueg	bruego	clamor, racket, row, noise, turmoil, uproar, tumult	P6_tail	core	2	
rage	1	muĝ	muĝo	rage, roar	P6_tail	extended	2	
ramp	1	rampl	ramplo	ramp	P6_tail	tail	2	rare-anchor
rash	1	erupci	erupcio	eruption, rash	P6_tail	extended	2	
raspberry	1	framb	frambo	raspberry	P6_tail	extended	2	
rattle	1	klak	klaki	to chatter, clap, click, rattle, flap, slap, smack	P6_tail	core	2	
readily	1	volont	volonte	readily, willingly	P6_tail	core	2	
realization	1	realiĝ	realiĝo	realization	P6_tail	core	2	
reap	1	falĉ	falĉi	to cut, mow, reap	P6_tail	core	2	
rearrange	1	rearanĝ	rearanĝi	to rearrange	P6_tail	core	2	
recital	1	rakont	rakonto	account, narrative, story, tale, recital	P6_tail	core	2	
recount	1	fabel	fabeli	tell fables, recount	P6_tail	core	2	
recovery	1	sav	savo	salvage, salvation, recovery	P6_tail	core	2	
reel	1	ril	rilo	reel	P6_tail	core	2	
refusal	1	rifuz	rifuzo	refusal, rejection	P6_tail	tail	2	rare-anchor
rein	1	kondukil	kondukilo	rein (of a horse)	P6_tail	core	2	
relent	1	dolĉiĝ	dolĉiĝi	to relent	P6_tail	core	2	
remarkable	1	rimarkind	rimarkinda	noteworthy, remarkable, prominent	P6_tail	core	2	
repeatedly	1	ad	ade	continually, continuously, repeatedly, often	P6_tail	tail	2	rare-anchor
rescuer	1	savist	savisto	rescuer	P6_tail	core	2	
resign	1	abdik	abdiki	to abdicate, resign	P6_tail	core	2	
resourceful	1	aranĝem	aranĝema	ingenious, resourceful	P6_tail	core	2	
resourcefulness	1	eltrovem	eltrovemo	ingenuity, resourcefulness	P6_tail	core	2	
restart	1	restart	restarto	reboot, restart	P6_tail	core	2	
rhyme	1	rim	rimi	to rhyme	P6_tail	core	2	
rib	1	rip	ripo	rib	P6_tail	extended	2	
ridiculous	1	ridind	ridinda	funny, laughable, ludicrous, ridiculous, droll	P6_tail	core	2	
rightful	1	rajt	rajta	lawful, legitimate, rightful	P6_tail	core	2	
ripen	1	maturiĝ	maturiĝi	to mature, ripen	P6_tail	core	2	
ripple	1	ondet	ondeti	to ripple	P6_tail	core	2	
risky	1	risk	riska	adventurous, hazardous, risky, venturous	P6_tail	core	2	
rose	1	roz	rozo	rose	P6_tail	core	2	
rosemary	1	rosmaren	rosmareno	rosemary	P6_tail	tail	2	rare-anchor
roughly	1	aspr	aspre	roughly, harshly	P6_tail	tail	2	rare-anchor
rowboat	1	remboat	remboato	rowboat	P6_tail	core	2	
rubbish	1	rub	rubo	debris, rubbish, rubble, garbage, trash, junk	P6_tail	core	2	
rudely	1	malĝentil	malĝentile	impolitely, rudely	P6_tail	core	2	
rung	1	ŝtup	ŝtupo	stair, step, rung	P6_tail	core	2	
rust	1	rust	rusti	to rust	P6_tail	core	2	
salon	1	salon	salono	drawing room, living room, parlor, salon, sitting room	P6_tail	core	2	
sandal	1	sandal	sandalo	sandal	P6_tail	tail	2	rare-anchor
sap	1	suk	suko	gravy, juice, sap, pith	P6_tail	core	2	
saunter	1	malrapidir	malrapidiri	to saunter	P6_tail	tail	2	rare-anchor
scrape	1	knar	knari	to creak, screech, grate, grind, scratch, squeak, scrape	P6_tail	extended	2	
screech	1	knar	knari	to creak, screech, grate, grind, scratch, squeak, scrape	P6_tail	extended	2	
scrunch	1	krakad	krakado	crunch, scrunch, grating noise, grinding noise, scratch, scratching, scraping, grating	P6_tail	core	2	
secretly	1	kaŝ	kaŝe	clandestinely, secretly, by stealth	P6_tail	core	2	
selfishness	1	egoism	egoismo	egoism, self-interest, selfishness	P6_tail	core	2	
seller	1	vendant	vendanto	seller, vendor	P6_tail	core	2	
sermon	1	predik	prediko	sermon	P6_tail	core	2	
server	1	servil	servilo	server	P6_tail	core	2	
shaky	1	nestarem	nestarema	shaky, rickety, wobbly, loose	P6_tail	core	2	
sharer	1	kundividant	kundividanto	sharer	P6_tail	extended	2	
shriek	1	krieg	kriegi	to bawl, roar, scream, shout, shriek, yell	P6_tail	core	2	
shyness	1	hontec	honteco	shyness	P6_tail	core	2	
sickness	1	malsan	malsano	ailment, disease, illness, malady, sickness	P6_tail	core	2	
sideline	1	flankokup	flankokupo	hobby, sideline	P6_tail	core	2	
signature	1	subskrib	subskribo	signature	P6_tail	core	2	
silverware	1	arĝentar	arĝentaro	silverware	P6_tail	core	2	
simmer	1	stuf	stufi	to braise, simmer, stew	P6_tail	core	2	
sketch	1	etud	etudo	etude, study, sketch	P6_tail	tail	2	rare-anchor
slash	1	sabr	sabri	to hack, slash	P6_tail	tail	2	rare-anchor
sleepyhead	1	dormemul	dormemulo	sleepyhead, someone who likes to sleep	P6_tail	core	2	
slim	1	graci	gracia	graceful, gracious, slender, slim	P6_tail	core	2	
sly	1	ruz	ruza	artful, crafty, sly, astute, clever, cunning, smart	P6_tail	core	2	
smock	1	kazak	kazako	colors, smock	P6_tail	tail	2	rare-anchor
snip	1	tondaĵ	tondaĵo	snip	P6_tail	core	2	
snivel	1	ploret	ploreti	to snivel, whimper, whine	P6_tail	core	2	
snug	1	komfort	komforta	at ease, comfortable, cozy, snug	P6_tail	core	2	
solemnly	1	solen	solene	ceremoniously, solemnly	P6_tail	core	2	
someplace	1	iulok	iuloke	anyplace, anywhere, someplace, somewhere	P6_tail	tail	2	rare-anchor
soot	1	fulg	fulgo	soot	P6_tail	core	2	
spar	1	jard	jardo	yard (3 feet), spar	P6_tail	extended	2	
speck	1	grajn	grajno	grain, granule, pip (of fruit), stone (of fruit), particle, speck, seed	P6_tail	core	2	
spectacle	1	vidaĵ	vidaĵo	prospect, sight, view, spectacle, sight, parade, display, pageant, thing to see	P6_tail	core	2	
spew	1	ŝurc	ŝurci	to spurt, gush, spew	P6_tail	tail	2	rare-anchor
splatter	1	ŝprucetig	ŝprucetigi	to atomize, spatter, splatter, spray	P6_tail	core	2	
splendid	1	pomp	pompa	pompous, resplendent, showy, splendid	P6_tail	core	2	
sprayer	1	aspergil	aspergilo	atomizer, sprayer	P6_tail	tail	2	rare-anchor
springtime	1	printemp	printempo	spring, springtime	P6_tail	tail	2	rare-anchor
sprinkler	1	ŝprucigil	ŝprucigilo	sprinkler	P6_tail	core	2	
sprint	1	sprint	sprinti	to sprint	P6_tail	tail	2	rare-anchor
squat	1	kaŭr	kaŭri	to cower, crouch, squat, lurk	P6_tail	core	2	
squiggle	1	zigzaget	zigzageto	squiggle	P6_tail	extended	2	
staircase	1	ŝtupar	ŝtuparo	staircase, stairs	P6_tail	core	2	
stallion	1	stalon	stalono	stallion	P6_tail	extended	2	
starry	1	stelplen	stelplena	starry, star-filled, full of stars	P6_tail	core	2	
starve	1	malnutr	malnutri	to starve	P6_tail	core	2	
stash	1	kasaj	kasajo	stash, something hidden, something concealed	P6_tail	tail	2	rare-anchor
stethoscope	1	stetoskop	stetoskopo	stethoscope	P6_tail	tail	2	rare-anchor
stinky	1	stink	stinka	malodorous, smelly, stinking, stinky	P6_tail	tail	2	rare-anchor
stopper	1	kork	korko	cork, stopper	P6_tail	extended	2	
strangely	1	bizar	bizare	bizarrely, strangely	P6_tail	core	2	
streak	1	strek	streki	to cross out, draw, make a stroke, draw a line, streak, trace	P6_tail	core	2	
strew	1	disĵet	disĵeti	to (broad)cast, scatter, strew	P6_tail	core	2	
strive	1	penad	penadi	to strive	P6_tail	core	2	
stub	1	kupon	kupono	coupon, stub	P6_tail	core	2	
stun	1	svenig	svenigi	to drug, intoxicate, stun, stupefy	P6_tail	core	2	
styling	1	stildifin	stildifino	styling, styles	P6_tail	core	2	
stylish	1	stil	stila	stylish	P6_tail	extended	2	
submerge	1	ban	bani	to bathe, rinse, wash (over), submerge	P6_tail	core	2	
subside	1	mallev	mallevi	to abate, lower, let down, subside	P6_tail	core	2	
subtract	1	depren	depreni	to deduce, deduct, take away, take off, subtract	P6_tail	tail	2	rare-anchor
sunbeam	1	sunradi	sunradio	ray of the sun, sunbeam	P6_tail	core	2	
surf	1	surf	surfi	to (web)surf	P6_tail	tail	2	rare-anchor
surfer	1	retumant	retumanto	cybernaut, internaut, net user, surfer	P6_tail	core	2	
surge	1	hul	huli	to surge	P6_tail	tail	2	rare-anchor
suspiciously	1	suspekt	suspekte	suspiciously	P6_tail	core	2	
swarm	1	amas	amaso	accumulation, body, crowd, heap, mass, multitude, pile, swarm, hoard, mob, throng, troop	P6_tail	core	2	
sympathetically	1	kunsent	kunsente	sympathetically	P6_tail	core	2	
tart	1	acid	acida	acerbic, acid, sour, tart, acidic	P6_tail	core	2	
tender	1	mol	mola	gentle, soft, tender, minor (music)	P6_tail	core	2	
terror	1	teror	teroro	terror, reign of terror	P6_tail	core	2	
tester	1	testil	testilo	tester	P6_tail	core	2	
thaw	1	degel	degeli	to melt, thaw	P6_tail	core	2	
thirst	1	soif	soifi	to be thirsty, thirst	P6_tail	extended	2	
thistle	1	kard	kardo	thistle	P6_tail	core	2	
thorn	1	dorn	dorno	thorn, prickle, spine	P6_tail	extended	2	
thoroughly	1	fund	funde	from A to Z, thoroughly	P6_tail	extended	2	
thrive	1	vigl	vigli	to flourish, thrive	P6_tail	core	2	
throne	1	tron	trono	throne	P6_tail	—	2	rare-anchor
thump	1	bateg	bategi	to belabor, maul, thrash, thump	P6_tail	core	2	
thunderbolt	1	ekfulm	ekfulmo	flash, thunderbolt	P6_tail	core	2	
tightness	1	streĉitec	streĉiteco	tightness	P6_tail	core	2	
tile	1	kahel	kaheli	to tile	P6_tail	core	2	
timely	1	ĝustatemp	ĝustatempa	opportune, seasonable, timely, punctual	P6_tail	extended	2	
tinkle	1	tint	tinti	to chink, clink, jingle, tinkle	P6_tail	core	2	
toad	1	buf	bufo	toad	P6_tail	core	2	
toaster	1	panrostil	panrostilo	toaster	P6_tail	core	2	
toddle	1	paŝet	paŝeti	toddle, trip	P6_tail	core	2	
topple	1	fal	fali	to drop, fall, topple	P6_tail	core	2	
tow	1	tir	tiri	to drag, draw, haul, pull, tug, tow	P6_tail	core	2	
traverse	1	trair	trairi	to cover, go through, pass through, perambulate, traverse	P6_tail	extended	2	
trigger	1	ĉan	ĉano	hammer (of a gun), trigger	P6_tail	tail	2	rare-anchor
triumph	1	triumf	triumfi	to triumph	P6_tail	tail	2	rare-anchor
trolley	1	trole	troleo	trolley	P6_tail	tail	2	rare-anchor
troublesome	1	ĝen	ĝena	inconvenient, nasty, troublesome, troubling	P6_tail	core	2	
trundle	1	rulil	rulilo	roller, truckle, trundle	P6_tail	core	2	
truthful	1	verem	verema	truthful	P6_tail	core	2	
ufo	1	nif	nifo	UFO	P6_tail	tail	2	rare-anchor
ultimate	1	last	lasta	hindermost, last, ultimate	P6_tail	tail	2	rare-anchor
unattended	1	senasist	senasista	unattended	P6_tail	core	2	
unclean	1	malpur	malpura	dirty, filthy, nasty, soiled, unclean, foul, impure	P6_tail	core	2	
undress	1	nudig	nudigi	to undress, strip (someone, something)	P6_tail	core	2	
unfreeze	1	malfrostig	malfrostigi	to unfreeze	P6_tail	core	2	
unhook	1	dekroĉ	dekroĉi	to unhook	P6_tail	tail	2	rare-anchor
unimportant	1	negrav	negrava	immaterial, unimportant	P6_tail	core	2	
unity	1	unu	unuo	unit, element, unity	P6_tail	core	2	
unlucky	1	malbonŝanc	malbonŝanca	unlucky, unfortunate	P6_tail	core	2	
unnoticed	1	nerimarkit	nerimarkita	unnoticed	P6_tail	extended	2	
unwind	1	disvolv	disvolvi	to develop, unwind	P6_tail	core	2	
unzip	1	malzip	malzipi	to unzip	P6_tail	extended	2	
upstream	1	kontraŭflu	kontraŭflua	upstream	P6_tail	core	2	
upwards	1	supr	supren	above, up, uphill, upwards, upstairs	P6_tail	core	2	
urgently	1	urĝ	urĝe	urgently	P6_tail	core	2	
utmost	1	ekstrem	ekstrema	extreme, utmost	P6_tail	core	2	
vacuum	1	vaku	vakuo	vacuum	P6_tail	extended	2	
vibrate	1	vibr	vibri	to vibrate, oscillate, thrill	P6_tail	core	2	
vibration	1	trem	tremo	quiver, quivering, vibration	P6_tail	core	2	
victor	1	venkant	venkanto	conqueror, vanquisher, victor	P6_tail	core	2	
virtue	1	virt	virto	morality, vice, virtue	P6_tail	core	2	
vivid	1	hel	hela	bright, brilliant, clear, light, vivid	P6_tail	core	2	
void	1	vak	vaka	vacant, void	P6_tail	core	2	
voyage	1	vojaĝ	vojaĝi	to journey, travel, voyage	P6_tail	core	2	
wade	1	vad	vadi	to wade	P6_tail	extended	2	
wary	1	atent	atenta	attentive, heedful, wary	P6_tail	core	2	
wasteful	1	malŝparem	malŝparema	extravagant, wasteful	P6_tail	core	2	
waver	1	tremet	tremeti	to quiver, shiver, waver, wince	P6_tail	core	2	
weed	1	sark	sarki	to hoe, weed, weed out	P6_tail	extended	2	
wetness	1	akvec	akveco	wetness, moisture	P6_tail	core	2	
whack	1	bastonad	bastonadi	to beat, beat up, flog, thrash, whack	P6_tail	core	2	
whirl	1	kirl	kirli	to curl, froth, stir, whip, whirl	P6_tail	core	2	
whiteness	1	blankec	blankeco	whiteness, white	P6_tail	core	2	
width	1	larĝ	larĝo	width	P6_tail	core	2	
willingness	1	vol	volo	will, willingness, wish	P6_tail	core	2	
windmill	1	ventmuelil	ventmuelilo	windmill	P6_tail	core	2	
wonderfully	1	mirind	mirinde	marvelously, wonderfully	P6_tail	core	2	
woo	1	amindum	amindumi	to court, woo	P6_tail	core	2	
woody	1	arbarriĉ	arbarriĉa	woody	P6_tail	core	2	
wordless	1	senvort	senvorta	speechless, tacit, wordless, without words	P6_tail	core	2	
worriedly	1	zorgoplen	zorgoplene	full of worry, worriedly	P6_tail	core	2	
worsen	1	pliaĉig	pliaĉigi	to worsen	P6_tail	core	2	
wreck	1	pere	pereo	destruction, doom, downfall, fall, perdition, ruin, wreck	P6_tail	core	2	
wriggle	1	tord	tordi	to contort, twist, warp, wind, wring, wriggle, sprain	P6_tail	core	2	
yearn	1	avid	avidi	to be avid, covet, crave, lust, want greatly, desire, yearn (for)	P6_tail	core	2	
