set_name	member_en	proposed_tier	category	note
numbers_cardinal	one	1	closed	
numbers_cardinal	two	1	closed	
numbers_cardinal	three	1	closed	
numbers_cardinal	four	1	closed	
numbers_cardinal	five	1	closed	
numbers_cardinal	six	1	closed	
numbers_cardinal	seven	1	closed	
numbers_cardinal	eight	1	closed	
numbers_cardinal	nine	1	closed	
numbers_cardinal	ten	1	closed	
numbers_cardinal	eleven	1	closed	
numbers_cardinal	twelve	1	closed	
numbers_cardinal	thirteen	1	closed	
numbers_cardinal	fourteen	1	closed	
numbers_cardinal	fifteen	1	closed	
numbers_cardinal	sixteen	1	closed	
numbers_cardinal	seventeen	1	closed	
numbers_cardinal	eighteen	1	closed	
numbers_cardinal	nineteen	1	closed	
numbers_cardinal	twenty	1	closed	
numbers_tens	thirty	2	closed	
numbers_tens	forty	2	closed	
numbers_tens	fifty	2	closed	
numbers_tens	sixty	2	closed	
numbers_tens	seventy	2	closed	
numbers_tens	eighty	2	closed	
numbers_tens	ninety	2	closed	
numbers_tens	hundred	2	closed	
numbers_tens	thousand	2	closed	
numbers_tens	million	2	closed	
numbers_ordinal	first	2	closed	
numbers_ordinal	second	2	closed	
numbers_ordinal	third	2	closed	
numbers_ordinal	fourth	2	closed	
numbers_ordinal	fifth	2	closed	
numbers_ordinal	sixth	2	closed	
numbers_ordinal	seventh	2	closed	
numbers_ordinal	eighth	2	closed	
numbers_ordinal	ninth	2	closed	
numbers_ordinal	tenth	2	closed	
fractions	half	2	closed	
fractions	quarter	2	closed	
fractions	third	2	closed	
fractions	whole	2	closed	
fractions	double	2	closed	
days	monday	1	closed	weekday set
days	tuesday	1	closed	weekday set
days	wednesday	1	closed	weekday set
days	thursday	1	closed	weekday set
days	friday	1	closed	weekday set
days	saturday	1	closed	weekday set
days	sunday	1	closed	weekday set
months	january	2	closed	
months	february	2	closed	
months	march	2	closed	
months	april	2	closed	
months	may	2	closed	
months	june	2	closed	
months	july	2	closed	
months	august	2	closed	
months	september	2	closed	
months	october	2	closed	
months	november	2	closed	
months	december	2	closed	
seasons	spring	1	closed	
seasons	summer	1	closed	
seasons	autumn	1	closed	
seasons	fall	1	closed	
seasons	winter	1	closed	
times_of_day	morning	1	closed	
times_of_day	noon	1	closed	
times_of_day	afternoon	1	closed	
times_of_day	evening	1	closed	
times_of_day	night	1	closed	
times_of_day	midnight	1	closed	
times_of_day	dawn	1	closed	
times_of_day	dusk	1	closed	
time_units	second	1	closed	
time_units	minute	1	closed	
time_units	hour	1	closed	
time_units	day	1	closed	
time_units	week	1	closed	
time_units	month	1	closed	
time_units	year	1	closed	
relative_time	yesterday	1	closed	
relative_time	today	1	closed	
relative_time	tomorrow	1	closed	
relative_time	now	1	closed	
relative_time	soon	1	closed	
relative_time	later	1	closed	
relative_time	before	1	closed	
relative_time	after	1	closed	
directions_cardinal	north	2	closed	
directions_cardinal	south	2	closed	
directions_cardinal	east	2	closed	
directions_cardinal	west	2	closed	
directions_cardinal	northeast	2	closed	
directions_cardinal	northwest	2	closed	
directions_cardinal	southeast	2	closed	
directions_cardinal	southwest	2	closed	
position_relative	up	1	closed	
position_relative	down	1	closed	
position_relative	left	1	closed	
position_relative	right	1	closed	
position_relative	front	1	closed	
position_relative	back	1	closed	
position_relative	top	1	closed	
position_relative	bottom	1	closed	
position_relative	middle	1	closed	
position_relative	inside	1	closed	
position_relative	outside	1	closed	
position_relative	above	1	closed	
position_relative	below	1	closed	
position_relative	near	1	closed	
position_relative	far	1	closed	
colors	red	1	closed	
colors	orange	1	closed	
colors	yellow	1	closed	
colors	green	1	closed	
colors	blue	1	closed	
colors	purple	1	closed	
colors	pink	1	closed	
colors	brown	1	closed	
colors	black	1	closed	
colors	white	1	closed	
colors	grey	1	closed	
colors	light	1	closed	
colors	dark	1	closed	
shapes	circle	2	closed	
shapes	square	2	closed	
shapes	triangle	2	closed	
shapes	rectangle	2	closed	
shapes	oval	2	closed	
shapes	star	2	closed	
shapes	heart	2	closed	
shapes	diamond	2	closed	
shapes	sphere	2	closed	
shapes	cube	2	closed	
fingers	thumb	2	closed	the five finger names; 'finger' itself is T1
fingers	index	2	closed	the five finger names; 'finger' itself is T1
fingers	middle	2	closed	the five finger names; 'finger' itself is T1
fingers	ring	2	closed	the five finger names; 'finger' itself is T1
fingers	pinkie	2	closed	the five finger names; 'finger' itself is T1
family_immediate	mother	1	closed	
family_immediate	father	1	closed	
family_immediate	mom	1	closed	
family_immediate	dad	1	closed	
family_immediate	parent	1	closed	
family_immediate	brother	1	closed	
family_immediate	sister	1	closed	
family_immediate	son	1	closed	
family_immediate	daughter	1	closed	
family_immediate	baby	1	closed	
family_extended	grandmother	2	closed	
family_extended	grandfather	2	closed	
family_extended	grandparent	2	closed	
family_extended	aunt	2	closed	
family_extended	uncle	2	closed	
family_extended	cousin	2	closed	
family_extended	nephew	2	closed	
family_extended	niece	2	closed	
family_extended	grandson	2	closed	
family_extended	granddaughter	2	closed	
meals	breakfast	1	closed	
meals	lunch	1	closed	
meals	dinner	1	closed	
meals	supper	1	closed	
meals	snack	1	closed	
senses	see	1	closed	
senses	hear	1	closed	
senses	smell	1	closed	
senses	taste	1	closed	
senses	touch	1	closed	
body_external	head	1	closed	
body_external	hair	1	closed	
body_external	face	1	closed	
body_external	eye	1	closed	
body_external	ear	1	closed	
body_external	nose	1	closed	
body_external	mouth	1	closed	
body_external	lip	1	closed	
body_external	tooth	1	closed	
body_external	tongue	1	closed	
body_external	neck	1	closed	
body_external	arm	1	closed	
body_external	hand	1	closed	
body_external	leg	1	closed	
body_external	foot	1	closed	
body_external	toe	1	closed	
body_external	chest	1	closed	
body_external	back	1	closed	
body_external	tummy	1	closed	
body_external_detail	forehead	2	closed	
body_external_detail	cheek	2	closed	
body_external_detail	chin	2	closed	
body_external_detail	eyebrow	2	closed	
body_external_detail	eyelash	2	closed	
body_external_detail	shoulder	2	closed	
body_external_detail	elbow	2	closed	
body_external_detail	wrist	2	closed	
body_external_detail	finger	2	closed	
body_external_detail	knuckle	2	closed	
body_external_detail	hip	2	closed	
body_external_detail	knee	2	closed	
body_external_detail	ankle	2	closed	
body_external_detail	heel	2	closed	
body_external_detail	thumb	2	closed	
body_internal	heart	2	closed	
body_internal	brain	2	closed	
body_internal	lung	2	closed	
body_internal	bone	2	closed	
body_internal	blood	2	closed	
body_internal	skin	2	closed	
body_internal	muscle	2	closed	
body_internal	stomach	2	closed	
animals_farm	cow	1	semi-open	
animals_farm	pig	1	semi-open	
animals_farm	sheep	1	semi-open	
animals_farm	horse	1	semi-open	
animals_farm	chicken	1	semi-open	
animals_farm	duck	1	semi-open	
animals_farm	goat	1	semi-open	
animals_farm	rooster	1	semi-open	
animals_farm	hen	1	semi-open	
animals_pet	dog	1	semi-open	
animals_pet	cat	1	semi-open	
animals_pet	fish	1	semi-open	
animals_pet	bird	1	semi-open	
animals_pet	rabbit	1	semi-open	
animals_pet	hamster	1	semi-open	
animals_wild	lion	1	semi-open	
animals_wild	tiger	1	semi-open	
animals_wild	bear	1	semi-open	
animals_wild	elephant	1	semi-open	
animals_wild	monkey	1	semi-open	
animals_wild	giraffe	1	semi-open	
animals_wild	zebra	1	semi-open	
animals_wild	wolf	1	semi-open	
animals_wild	fox	1	semi-open	
animals_wild	deer	1	semi-open	
animals_sea	shark	2	semi-open	
animals_sea	whale	2	semi-open	
animals_sea	dolphin	2	semi-open	
animals_sea	crab	2	semi-open	
animals_sea	octopus	2	semi-open	
animals_sea	jellyfish	2	semi-open	
insects	ant	1	semi-open	
insects	bee	1	semi-open	
insects	fly	1	semi-open	
insects	butterfly	1	semi-open	
insects	spider	1	semi-open	
insects	ladybug	1	semi-open	
insects	beetle	1	semi-open	
fruits	apple	1	semi-open	
fruits	banana	1	semi-open	
fruits	orange	1	semi-open	
fruits	grape	1	semi-open	
fruits	strawberry	1	semi-open	
fruits	pear	1	semi-open	
fruits	peach	1	semi-open	
fruits	cherry	1	semi-open	
fruits	lemon	1	semi-open	
fruits	watermelon	1	semi-open	
vegetables	carrot	1	semi-open	
vegetables	potato	1	semi-open	
vegetables	tomato	1	semi-open	
vegetables	onion	1	semi-open	
vegetables	pea	1	semi-open	
vegetables	bean	1	semi-open	
vegetables	corn	1	semi-open	
vegetables	broccoli	1	semi-open	
vegetables	lettuce	1	semi-open	
vegetables	cucumber	1	semi-open	
weather	sun	1	semi-open	
weather	rain	1	semi-open	
weather	snow	1	semi-open	
weather	wind	1	semi-open	
weather	cloud	1	semi-open	
weather	storm	1	semi-open	
weather	fog	1	semi-open	
weather	ice	1	semi-open	
weather	thunder	1	semi-open	
weather	lightning	1	semi-open	
weather	rainbow	1	semi-open	
emotions	happy	1	semi-open	
emotions	sad	1	semi-open	
emotions	angry	1	semi-open	
emotions	scared	1	semi-open	
emotions	surprised	1	semi-open	
emotions	excited	1	semi-open	
emotions	tired	1	semi-open	
emotions	bored	1	semi-open	
emotions	proud	1	semi-open	
emotions	jealous	1	semi-open	
emotions	nervous	1	semi-open	
emotions	worried	1	semi-open	
emotions	calm	1	semi-open	
clothing	shirt	1	semi-open	
clothing	pants	1	semi-open	
clothing	dress	1	semi-open	
clothing	skirt	1	semi-open	
clothing	shoe	1	semi-open	
clothing	sock	1	semi-open	
clothing	hat	1	semi-open	
clothing	coat	1	semi-open	
clothing	jacket	1	semi-open	
clothing	glove	1	semi-open	
clothing	scarf	1	semi-open	
clothing	belt	1	semi-open	
vehicles	car	1	semi-open	
vehicles	bus	1	semi-open	
vehicles	truck	1	semi-open	
vehicles	train	1	semi-open	
vehicles	plane	1	semi-open	
vehicles	boat	1	semi-open	
vehicles	bike	1	semi-open	
vehicles	ship	1	semi-open	
vehicles	helicopter	1	semi-open	
materials	wood	2	semi-open	
materials	metal	2	semi-open	
materials	plastic	2	semi-open	
materials	glass	2	semi-open	
materials	stone	2	semi-open	
materials	paper	2	semi-open	
materials	cloth	2	semi-open	
materials	rubber	2	semi-open	
materials	gold	2	semi-open	
materials	silver	2	semi-open	
school_subjects	math	2	semi-open	
school_subjects	reading	2	semi-open	
school_subjects	writing	2	semi-open	
school_subjects	science	2	semi-open	
school_subjects	history	2	semi-open	
school_subjects	art	2	semi-open	
school_subjects	music	2	semi-open	
verbs_motion	walk	1	semi-open	
verbs_motion	run	1	semi-open	
verbs_motion	jump	1	semi-open	
verbs_motion	hop	1	semi-open	
verbs_motion	skip	1	semi-open	
verbs_motion	crawl	1	semi-open	
verbs_motion	climb	1	semi-open	
verbs_motion	swim	1	semi-open	
verbs_motion	fly	1	semi-open	
verbs_motion	roll	1	semi-open	
verbs_motion	slide	1	semi-open	
verbs_motion	march	1	semi-open	
opposites	big	1	semi-open	
opposites	small	1	semi-open	
opposites	hot	1	semi-open	
opposites	cold	1	semi-open	
opposites	fast	1	semi-open	
opposites	slow	1	semi-open	
opposites	good	1	semi-open	
opposites	bad	1	semi-open	
opposites	open	1	semi-open	
opposites	closed	1	semi-open	
opposites	full	1	semi-open	
opposites	empty	1	semi-open	
opposites	hard	1	semi-open	
opposites	soft	1	semi-open	
opposites	new	1	semi-open	
opposites	old	1	semi-open	
opposites	wet	1	semi-open	
opposites	dry	1	semi-open	
opposites	loud	1	semi-open	
opposites	quiet	1	semi-open	
opposites	clean	1	semi-open	
opposites	dirty	1	semi-open	
opposites	strong	1	semi-open	
opposites	weak	1	semi-open	
planets	mercury	names	names-straddle	physical referents -> names layer (R6)
planets	venus	names	names-straddle	physical referents -> names layer (R6)
planets	earth	names	names-straddle	physical referents -> names layer (R6)
planets	mars	names	names-straddle	physical referents -> names layer (R6)
planets	jupiter	names	names-straddle	physical referents -> names layer (R6)
planets	saturn	names	names-straddle	physical referents -> names layer (R6)
planets	uranus	names	names-straddle	physical referents -> names layer (R6)
planets	neptune	names	names-straddle	physical referents -> names layer (R6)
planets	sun	names	names-straddle	physical referents -> names layer (R6)
planets	moon	names	names-straddle	physical referents -> names layer (R6)
continents	asia	names	names-straddle	named entities, not common lexicon
continents	africa	names	names-straddle	named entities, not common lexicon
continents	europe	names	names-straddle	named entities, not common lexicon
continents	america	names	names-straddle	named entities, not common lexicon
continents	australia	names	names-straddle	named entities, not common lexicon
continents	antarctica	names	names-straddle	named entities, not common lexicon
